restaurant_url,restaurant_name,number_of_reviews
https://www.tripadvisor.com/Restaurant_Review-g293926-d8571633-Reviews-Madam_Thu_Restaurant-Hue_Thua_Thien_Hue_Province.html,Madam Thu Restaurant,Xem khi lặp Review
https://www.tripadvisor.com/Restaurant_Review-g293926-d18854311-Reviews-Chan-Hue_Thua_Thien_Hue_Province.html,Chan,Xem khi lặp Review
https://www.tripadvisor.com/Restaurant_Review-g293926-d26864305-Reviews-Chan_19_Nguyen_Thai_Hoc-Hue_Thua_Thien_Hue_Province.html,Chan - 19 Nguyen Thai Hoc,Xem khi lặp Review
https://www.tripadvisor.com/Restaurant_Review-g293926-d26528139-Reviews-Le_Cercle_Hue-Hue_Thua_Thien_Hue_Province.html,Le Cercle Hue,Xem khi lặp Review
https://www.tripadvisor.com/Restaurant_Review-g293926-d28558483-Reviews-V_Hu_Restaurant_Cafe-Hue_Thua_Thien_Hue_Province.html,Vị Huế Restaurant & Café,Xem khi lặp Review
https://www.tripadvisor.com/Restaurant_Review-g293926-d26652254-Reviews-Madam_Thu_2-Hue_Thua_Thien_Hue_Province.html,Madam Thu 2,Xem khi lặp Review
https://www.tripadvisor.com/Restaurant_Review-g293926-d12512176-Reviews-Spice_Viet_Restaurant-Hue_Thua_Thien_Hue_Province.html,Spice Viet Restaurant,Xem khi lặp Review
https://www.tripadvisor.com/Restaurant_Review-g293926-d25547301-Reviews-Alma_Restaurant-Hue_Thua_Thien_Hue_Province.html,Alma Restaurant,Xem khi lặp Review
https://www.tripadvisor.com/Restaurant_Review-g293926-d27491087-Reviews-Ngu_Yen_Royal_Restaurant_In_Hue-Hue_Thua_Thien_Hue_Province.html,Ngu Yen - Royal Restaurant In Hue,Xem khi lặp Review
https://www.tripadvisor.com/Restaurant_Review-g293926-d1632193-Reviews-Ancient_Hu_Gallery_Cuisine-Hue_Thua_Thien_Hue_Province.html,Ancient Huế Gallery Cuisine,Xem khi lặp Review
https://www.tripadvisor.com/Restaurant_Review-g293926-d1600092-Reviews-Le_Parfum-Hue_Thua_Thien_Hue_Province.html,Le Parfum,Xem khi lặp Review
https://www.tripadvisor.com/Restaurant_Review-g11923533-d4041575-Reviews-Saffron-Lang_Co_Phu_Loc_District_Thua_Thien_Hue_Province.html,Saffron,Xem khi lặp Review
https://www.tripadvisor.com/Restaurant_Review-g293926-d1121818-Reviews-Y_Thao_Garden-Hue_Thua_Thien_Hue_Province.html,Y Thao Garden,Xem khi lặp Review
https://www.tripadvisor.com/Restaurant_Review-g293926-d11962508-Reviews-Ben_Xuan_Garden_House_Theatre-Hue_Thua_Thien_Hue_Province.html,Ben Xuan Garden House Theatre,Xem khi lặp Review
https://www.tripadvisor.com/Restaurant_Review-g293926-d23010922-Reviews-Ama_Restaurant-Hue_Thua_Thien_Hue_Province.html,Ama Restaurant,Xem khi lặp Review
https://www.tripadvisor.com/Restaurant_Review-g293926-d25152078-Reviews-Dai_Nam_Authentique_Cuisine_de_Hue-Hue_Thua_Thien_Hue_Province.html,Đai Nam – Authentique Cuisine de Hue,Xem khi lặp Review
https://www.tripadvisor.com/Restaurant_Review-g293926-d25031846-Reviews-Vu_Cuisine-Hue_Thua_Thien_Hue_Province.html,Vu Cuisine,Xem khi lặp Review
https://www.tripadvisor.com/Restaurant_Review-g293926-d25165033-Reviews-Banh_Ganh_Restaurant-Hue_Thua_Thien_Hue_Province.html,Bánh Gánh Restaurant,Xem khi lặp Review
https://www.tripadvisor.com/Restaurant_Review-g293926-d17562943-Reviews-Quan_H_nh-Hue_Thua_Thien_Hue_Province.html,Quán Hạnh,Xem khi lặp Review
https://www.tripadvisor.com/Restaurant_Review-g293926-d11886600-Reviews-Nook_Eatery-Hue_Thua_Thien_Hue_Province.html,Nook Eatery,Xem khi lặp Review
https://www.tripadvisor.com/Restaurant_Review-g293926-d28118958-Reviews-Pizz_a_Restaurant_Italian_Cuisine-Hue_Thua_Thien_Hue_Province.html,Pizz.á Restaurant - Italian Cuisine,Xem khi lặp Review
https://www.tripadvisor.com/Restaurant_Review-g293926-d13084307-Reviews-COZY_Restaurant-Hue_Thua_Thien_Hue_Province.html,COZY Restaurant,Xem khi lặp Review
https://www.tripadvisor.com/Restaurant_Review-g293926-d10606650-Reviews-Eco_Restaurant-Hue_Thua_Thien_Hue_Province.html,Eco Restaurant,Xem khi lặp Review
https://www.tripadvisor.com/Restaurant_Review-g293926-d1724500-Reviews-Nina_s_Cafe_Eatery-Hue_Thua_Thien_Hue_Province.html,Nina's Cafe - Eatery,Xem khi lặp Review
https://www.tripadvisor.com/Restaurant_Review-g293926-d33411708-Reviews-1984_Coffee_Pub_Restaurant-Hue_Thua_Thien_Hue_Province.html,1984 Coffee • Pub • Restaurant,Xem khi lặp Review
https://www.tripadvisor.com/Restaurant_Review-g293926-d27488427-Reviews-Huong_Ng_Restaurant-Hue_Thua_Thien_Hue_Province.html,Hương Ngự Restaurant,Xem khi lặp Review
https://www.tripadvisor.com/Restaurant_Review-g293926-d2668637-Reviews-Les_Jardins_de_La_Carambole-Hue_Thua_Thien_Hue_Province.html,Les Jardins de La Carambole,Xem khi lặp Review
https://www.tripadvisor.com/Restaurant_Review-g293926-d19121650-Reviews-La_Paix_Bistro-Hue_Thua_Thien_Hue_Province.html,La Paix Bistro,Xem khi lặp Review
https://www.tripadvisor.com/Restaurant_Review-g293926-d17596312-Reviews-Maison_Trang_Restaurant-Hue_Thua_Thien_Hue_Province.html,Maison Trang Restaurant,Xem khi lặp Review
https://www.tripadvisor.com/Restaurant_Review-g293926-d32855471-Reviews-C_i_Coffee-Hue_Thua_Thien_Hue_Province.html,Củi Coffee,Xem khi lặp Review
https://www.tripadvisor.com/Restaurant_Review-g293926-d14062058-Reviews-Bistro_La_Carambole-Hue_Thua_Thien_Hue_Province.html,Bistro La Carambole,Xem khi lặp Review
https://www.tripadvisor.com/Restaurant_Review-g293926-d19102669-Reviews-Shino_Sushi_2_Japanese_Restaurant_Hue-Hue_Thua_Thien_Hue_Province.html,Shino Sushi 2 - Japanese Restaurant - Hue,Xem khi lặp Review
https://www.tripadvisor.com/Restaurant_Review-g293926-d25553950-Reviews-N_Cafe_And_Restaurant-Hue_Thua_Thien_Hue_Province.html,N. Cafe And Restaurant,Xem khi lặp Review
https://www.tripadvisor.com/Restaurant_Review-g293926-d3295650-Reviews-Zucca_Restaurant-Hue_Thua_Thien_Hue_Province.html,Zucca Restaurant,Xem khi lặp Review
https://www.tripadvisor.com/Restaurant_Review-g293926-d27929484-Reviews-Nha_Hang_Kh_i_Hoan-Hue_Thua_Thien_Hue_Province.html,Nhà Hàng Khải Hoàn,Xem khi lặp Review
https://www.tripadvisor.com/Restaurant_Review-g293926-d2012139-Reviews-Family_Home_Cafe_Restaurant-Hue_Thua_Thien_Hue_Province.html,Family Home Cafe & Restaurant,Xem khi lặp Review
https://www.tripadvisor.com/Restaurant_Review-g293926-d4209841-Reviews-Nha_Hang_Cafe_Vy_Da_Xua-Hue_Thua_Thien_Hue_Province.html,Nha Hang Cafe Vy Da Xua,Xem khi lặp Review
https://www.tripadvisor.com/Restaurant_Review-g293926-d1122506-Reviews-HotTuna_Restaurant-Hue_Thua_Thien_Hue_Province.html,HotTuna Restaurant,Xem khi lặp Review
https://www.tripadvisor.com/Restaurant_Review-g293926-d8824452-Reviews-Junrei_Restaurant-Hue_Thua_Thien_Hue_Province.html,Junrei Restaurant,Xem khi lặp Review
https://www.tripadvisor.com/Restaurant_Review-g293926-d34062455-Reviews-Thong_Dong_Vegetarian_Restaurant-Hue_Thua_Thien_Hue_Province.html,Thong Dong Vegetarian Restaurant,Xem khi lặp Review
https://www.tripadvisor.com/Restaurant_Review-g293926-d1738361-Reviews-Dmz_Bar_Restaurant-Hue_Thua_Thien_Hue_Province.html,Dmz Bar & Restaurant,Xem khi lặp Review
https://www.tripadvisor.com/Restaurant_Review-g293926-d1909247-Reviews-Little_Italy_Restaurant-Hue_Thua_Thien_Hue_Province.html,Little Italy Restaurant,Xem khi lặp Review
https://www.tripadvisor.com/Restaurant_Review-g293926-d2398631-Reviews-Golden_Rice-Hue_Thua_Thien_Hue_Province.html,Golden Rice,Xem khi lặp Review
https://www.tripadvisor.com/Restaurant_Review-g293926-d8285487-Reviews-Ganesh_Indian_Restaurant-Hue_Thua_Thien_Hue_Province.html,Ganesh Indian Restaurant,Xem khi lặp Review
https://www.tripadvisor.com/Restaurant_Review-g293926-d28669656-Reviews-Maison_Trang_2_Restaurant-Hue_Thua_Thien_Hue_Province.html,Maison Trang 2 Restaurant,Xem khi lặp Review
https://www.tripadvisor.com/Restaurant_Review-g293926-d25392101-Reviews-Vietnammese_Restaurant_Fastfood22-Hue_Thua_Thien_Hue_Province.html,Vietnammese Restaurant & Fastfood22,Xem khi lặp Review
https://www.tripadvisor.com/Restaurant_Review-g293926-d1371993-Reviews-La_Boulangerie_Francaise-Hue_Thua_Thien_Hue_Province.html,La Boulangerie Francaise,Xem khi lặp Review
https://www.tripadvisor.com/Restaurant_Review-g293926-d27121390-Reviews-Risotto_Restaurant-Hue_Thua_Thien_Hue_Province.html,Risotto Restaurant,Xem khi lặp Review
https://www.tripadvisor.com/Restaurant_Review-g293926-d23411630-Reviews-An_Nhien_Garden_Restaurant-Hue_Thua_Thien_Hue_Province.html,An Nhiên Garden Restaurant,Xem khi lặp Review
https://www.tripadvisor.com/Restaurant_Review-g11923533-d25001016-Reviews-An_Lagoon_Seafood_Master-Lang_Co_Phu_Loc_District_Thua_Thien_Hue_Province.html,An Lagoon Seafood Master,Xem khi lặp Review
https://www.tripadvisor.com/Restaurant_Review-g293926-d14098632-Reviews-Shino_Sushi_BBQ-Hue_Thua_Thien_Hue_Province.html,Shino Sushi & BBQ,Xem khi lặp Review
https://www.tripadvisor.com/Restaurant_Review-g293926-d25415657-Reviews-Ngo_Nho_Restaurant_Cafe-Hue_Thua_Thien_Hue_Province.html,Ngo Nho Restaurant & Cafe,Xem khi lặp Review
https://www.tripadvisor.com/Restaurant_Review-g293926-d21080437-Reviews-Non_Hu_Authentic_Hue_Food-Hue_Thua_Thien_Hue_Province.html,Nón Huế- Authentic Hue Food,Xem khi lặp Review
https://www.tripadvisor.com/Restaurant_Review-g293926-d1604153-Reviews-L_c_Thi_n_Restaurant-Hue_Thua_Thien_Hue_Province.html,Lạc Thiện Restaurant,Xem khi lặp Review
https://www.tripadvisor.com/Restaurant_Review-g293926-d8327395-Reviews-Shiva_Shakti_Indian_Restaurant-Hue_Thua_Thien_Hue_Province.html,Shiva Shakti Indian Restaurant,Xem khi lặp Review
https://www.tripadvisor.com/Restaurant_Review-g293926-d25547286-Reviews-Zenith_SkyBar-Hue_Thua_Thien_Hue_Province.html,Zenith SkyBar,Xem khi lặp Review
https://www.tripadvisor.com/Restaurant_Review-g293926-d26768478-Reviews-Chez_Mais-Hue_Thua_Thien_Hue_Province.html,Chez Maïs,Xem khi lặp Review
https://www.tripadvisor.com/Restaurant_Review-g293926-d7192741-Reviews-Elegant_Restaurant-Hue_Thua_Thien_Hue_Province.html,Elegant Restaurant,Xem khi lặp Review
https://www.tripadvisor.com/Restaurant_Review-g293926-d12832825-Reviews-Ta_Vet-Hue_Thua_Thien_Hue_Province.html,Ta Vet,Xem khi lặp Review
https://www.tripadvisor.com/Restaurant_Review-g293926-d25259128-Reviews-Quan_nh_u_36-Hue_Thua_Thien_Hue_Province.html,Quán nhạu 36,Xem khi lặp Review
https://www.tripadvisor.com/Restaurant_Review-g293926-d27539193-Reviews-Le_Soleil_De_Hu-Hue_Thua_Thien_Hue_Province.html,Le Soleil De Huế,Xem khi lặp Review
https://www.tripadvisor.com/Restaurant_Review-g293926-d8678483-Reviews-Secret_Lounge_Hue-Hue_Thua_Thien_Hue_Province.html,Secret Lounge Hue,Xem khi lặp Review
https://www.tripadvisor.com/Restaurant_Review-g293926-d6897910-Reviews-Bun_Bo_Hu_Sen-Hue_Thua_Thien_Hue_Province.html,Bún Bò Huế Sen,Xem khi lặp Review
https://www.tripadvisor.com/Restaurant_Review-g293926-d28098633-Reviews-Com_Nieu_Banh_Ganh_2-Hue_Thua_Thien_Hue_Province.html,Cơm Niêu Bánh Gánh 2,Xem khi lặp Review
https://www.tripadvisor.com/Restaurant_Review-g293926-d7126151-Reviews-Gecko_Pub_Restaurant-Hue_Thua_Thien_Hue_Province.html,Gecko Pub - Restaurant,Xem khi lặp Review
https://www.tripadvisor.com/Restaurant_Review-g293926-d27491083-Reviews-Sunrise_Lounge_Rooftop_Sky_Bar-Hue_Thua_Thien_Hue_Province.html,Sunrise Lounge - Rooftop Sky Bar,Xem khi lặp Review
https://www.tripadvisor.com/Restaurant_Review-g293926-d1748982-Reviews-Why_Not_Bar_Restaurant_Hue-Hue_Thua_Thien_Hue_Province.html,Why Not? Bar & Restaurant Hue,Xem khi lặp Review
https://www.tripadvisor.com/Restaurant_Review-g293926-d4004540-Reviews-Mr_Pho_Pho_Cafe-Hue_Thua_Thien_Hue_Province.html,Mr. Pho - Pho Cafe,Xem khi lặp Review
https://www.tripadvisor.com/Restaurant_Review-g293926-d3452460-Reviews-Cafe_on_Thu_Wheels_restaurant-Hue_Thua_Thien_Hue_Province.html,Cafe on Thu Wheels restaurant,Xem khi lặp Review
https://www.tripadvisor.com/Restaurant_Review-g11923533-d15097141-Reviews-Cafeteria_The_Lagoon-Lang_Co_Phu_Loc_District_Thua_Thien_Hue_Province.html,Cafeteria The Lagoon,Xem khi lặp Review
https://www.tripadvisor.com/Restaurant_Review-g293926-d4829631-Reviews-Tha_Om_Garden_House-Hue_Thua_Thien_Hue_Province.html,Tha Om Garden House,Xem khi lặp Review
https://www.tripadvisor.com/Restaurant_Review-g293926-d33110729-Reviews-Baga_Bar_Restaurant-Hue_Thua_Thien_Hue_Province.html,Baga Bar & Restaurant,Xem khi lặp Review
https://www.tripadvisor.com/Restaurant_Review-g11923533-d19972525-Reviews-Bien_Ngoc-Lang_Co_Phu_Loc_District_Thua_Thien_Hue_Province.html,Bien Ngoc,Xem khi lặp Review
https://www.tripadvisor.com/Restaurant_Review-g293926-d17453911-Reviews-The_Cham_Craft_Beer_Coffee-Hue_Thua_Thien_Hue_Province.html,The Cham Craft Beer & Coffee,Xem khi lặp Review
https://www.tripadvisor.com/Restaurant_Review-g293926-d32822447-Reviews-Stella_Garden-Hue_Thua_Thien_Hue_Province.html,Stella Garden,Xem khi lặp Review
https://www.tripadvisor.com/Restaurant_Review-g293926-d27095493-Reviews-Barlab_Rooftop-Hue_Thua_Thien_Hue_Province.html,Barlab-Rooftop,Xem khi lặp Review
https://www.tripadvisor.com/Restaurant_Review-g293926-d4209906-Reviews-Take_Japanese_Restaurant-Hue_Thua_Thien_Hue_Province.html,Take Japanese Restaurant,Xem khi lặp Review
https://www.tripadvisor.com/Restaurant_Review-g293926-d2242452-Reviews-Duyen_Anh_Seafood_Restaurant-Hue_Thua_Thien_Hue_Province.html,Duyen Anh Seafood Restaurant,Xem khi lặp Review
https://www.tripadvisor.com/Restaurant_Review-g293926-d7041174-Reviews-Cococlub_Hue_Restaurant_Brasserie_Vietnamese_Western-Hue_Thua_Thien_Hue_Province.html,Cococlub Hue Restaurant Brasserie Vietnamese & Western,Xem khi lặp Review
https://www.tripadvisor.com/Restaurant_Review-g293926-d34232177-Reviews-Mam_Com_Vi_t_L_i_Hu-Hue_Thua_Thien_Hue_Province.html,Mâm. - Cơm Việt Lối Huế,Xem khi lặp Review
https://www.tripadvisor.com/Restaurant_Review-g293926-d1785631-Reviews-Com_Chay_Duong_Sinh_Lien_Hoa-Hue_Thua_Thien_Hue_Province.html,Com Chay Duong Sinh Lien Hoa,Xem khi lặp Review
https://www.tripadvisor.com/Restaurant_Review-g293926-d10457612-Reviews-Garden_Riverside_Bar-Hue_Thua_Thien_Hue_Province.html,Garden Riverside Bar,Xem khi lặp Review
https://www.tripadvisor.com/Restaurant_Review-g293926-d26685844-Reviews-BUN_BO_HU_SEN_RESTAURANT-Hue_Thua_Thien_Hue_Province.html,BUN BÒ HUẾ SEN RESTAURANT,Xem khi lặp Review
https://www.tripadvisor.com/Restaurant_Review-g293926-d32708720-Reviews-Banh_mi_Ba_Bu-Hue_Thua_Thien_Hue_Province.html,Bánh mì Ba Bu,Xem khi lặp Review
https://www.tripadvisor.com/Restaurant_Review-g293926-d10063408-Reviews-Banh_Khoai_Hong_Mai-Hue_Thua_Thien_Hue_Province.html,Banh Khoai Hong Mai,Xem khi lặp Review
https://www.tripadvisor.com/Restaurant_Review-g293926-d10769920-Reviews-Be_Than_Restaurant-Hue_Thua_Thien_Hue_Province.html,Be Than Restaurant,Xem khi lặp Review
https://www.tripadvisor.com/Restaurant_Review-g293926-d17424081-Reviews-Tachi_Vietnamese_Seafood-Hue_Thua_Thien_Hue_Province.html,Tachi - Vietnamese Seafood,Xem khi lặp Review
https://www.tripadvisor.com/Restaurant_Review-g293926-d27771114-Reviews-Mingle_Vegetarian_Cafe_Restaurant-Hue_Thua_Thien_Hue_Province.html,Mingle Vegetarian Cafe Restaurant,Xem khi lặp Review
https://www.tripadvisor.com/Restaurant_Review-g293926-d6637726-Reviews-Cherish_Hue_Restaurant-Hue_Thua_Thien_Hue_Province.html,Cherish Hue Restaurant,Xem khi lặp Review
https://www.tripadvisor.com/Restaurant_Review-g293926-d27715545-Reviews-Th_s_Kitchen-Hue_Thua_Thien_Hue_Province.html,Thị's Kitchen,Xem khi lặp Review
https://www.tripadvisor.com/Restaurant_Review-g293926-d10445247-Reviews-Kyodai_Japanese_Restaurant-Hue_Thua_Thien_Hue_Province.html,Kyodai Japanese Restaurant,Xem khi lặp Review
https://www.tripadvisor.com/Restaurant_Review-g293926-d34158485-Reviews-Hoang_Yen_Restaurant-Hue_Thua_Thien_Hue_Province.html,Hoang Yen Restaurant,Xem khi lặp Review
https://www.tripadvisor.com/Restaurant_Review-g293926-d8130689-Reviews-Huyen_Anh-Hue_Thua_Thien_Hue_Province.html,Huyen Anh,Xem khi lặp Review
https://www.tripadvisor.com/Restaurant_Review-g293926-d26491783-Reviews-Sala_Restaurant_Hue-Hue_Thua_Thien_Hue_Province.html,Sala Restaurant Hue,Xem khi lặp Review
https://www.tripadvisor.com/Restaurant_Review-g2549590-d8631956-Reviews-Minh_Tam-Phu_Loc_Phu_Loc_District_Thua_Thien_Hue_Province.html,Minh Tam,Xem khi lặp Review
https://www.tripadvisor.com/Restaurant_Review-g293926-d10060151-Reviews-San_May_Vegeterian_Restaurant-Hue_Thua_Thien_Hue_Province.html,San May Vegeterian Restaurant,Xem khi lặp Review
https://www.tripadvisor.com/Restaurant_Review-g11923533-d12604080-Reviews-The_Water_Court-Lang_Co_Phu_Loc_District_Thua_Thien_Hue_Province.html,The Water Court,Xem khi lặp Review
https://www.tripadvisor.com/Restaurant_Review-g293926-d28986739-Reviews-An_Phu_Garden_Restaurant_Hue-Hue_Thua_Thien_Hue_Province.html,An Phu Garden Restaurant Hue,Xem khi lặp Review
https://www.tripadvisor.com/Restaurant_Review-g293926-d6598710-Reviews-Hang_Me_Me-Hue_Thua_Thien_Hue_Province.html,Hang Me Me,Xem khi lặp Review
https://www.tripadvisor.com/Restaurant_Review-g293926-d33065582-Reviews-Hueritage_Cruises-Hue_Thua_Thien_Hue_Province.html,Hueritage Cruises,Xem khi lặp Review
https://www.tripadvisor.com/Restaurant_Review-g293926-d34274929-Reviews-Cat_Cafe_Mocha_Aeon_Mall_Hu-Hue_Thua_Thien_Hue_Province.html,Cat Cafe Mocha Aeon Mall Huế,Xem khi lặp Review
https://www.tripadvisor.com/Restaurant_Review-g293926-d12385031-Reviews-Burger_Shack_Hue_L_u_Hamburgers-Hue_Thua_Thien_Hue_Province.html,Burger Shack Hue - Lều Hamburgers,Xem khi lặp Review
https://www.tripadvisor.com/Restaurant_Review-g293926-d26865032-Reviews-Tropical_Garden-Hue_Thua_Thien_Hue_Province.html,Tropical Garden,Xem khi lặp Review
https://www.tripadvisor.com/Restaurant_Review-g293926-d26343199-Reviews-Ngon_Burger-Hue_Thua_Thien_Hue_Province.html,Ngon Burger,Xem khi lặp Review
https://www.tripadvisor.com/Restaurant_Review-g293926-d5959678-Reviews-Moc_Vien_Restaurant-Hue_Thua_Thien_Hue_Province.html,Moc Vien Restaurant,Xem khi lặp Review
https://www.tripadvisor.com/Restaurant_Review-g293926-d25224790-Reviews-Gem_Sushi_Bar-Hue_Thua_Thien_Hue_Province.html,Gem Sushi Bar,Xem khi lặp Review
https://www.tripadvisor.com/Restaurant_Review-g293926-d5501134-Reviews-Red_Chilli_Restaurant-Hue_Thua_Thien_Hue_Province.html,Red Chilli Restaurant,Xem khi lặp Review
https://www.tripadvisor.com/Restaurant_Review-g293926-d1988490-Reviews-Tinh_Gia_Vien-Hue_Thua_Thien_Hue_Province.html,Tinh Gia Vien,Xem khi lặp Review
https://www.tripadvisor.com/Restaurant_Review-g293926-d12130537-Reviews-Quan_Cam_Bun_Bo_Hue-Hue_Thua_Thien_Hue_Province.html,Quan Cam - Bun Bo Hue,Xem khi lặp Review
https://www.tripadvisor.com/Restaurant_Review-g293926-d10178110-Reviews-Tai_Phu_Restaurant-Hue_Thua_Thien_Hue_Province.html,Tai Phu Restaurant,Xem khi lặp Review
https://www.tripadvisor.com/Restaurant_Review-g2549590-d4545135-Reviews-Rice_Bowl-Phu_Loc_Phu_Loc_District_Thua_Thien_Hue_Province.html,Rice Bowl,Xem khi lặp Review
https://www.tripadvisor.com/Restaurant_Review-g2549590-d12604069-Reviews-Moomba-Phu_Loc_Phu_Loc_District_Thua_Thien_Hue_Province.html,Moomba,Xem khi lặp Review
https://www.tripadvisor.com/Restaurant_Review-g293926-d27732333-Reviews-Ngon_Pizza_Steak_Ribs-Hue_Thua_Thien_Hue_Province.html,Ngon' Pizza - Steak - Ribs,Xem khi lặp Review
https://www.tripadvisor.com/Restaurant_Review-g293926-d23220341-Reviews-Hue_Cuisine_Cafe-Hue_Thua_Thien_Hue_Province.html,Hue Cuisine & Café,Xem khi lặp Review
https://www.tripadvisor.com/Restaurant_Review-g293926-d12913420-Reviews-Hoang_Phu_Restaurant-Hue_Thua_Thien_Hue_Province.html,Hoang Phu Restaurant,Xem khi lặp Review
https://www.tripadvisor.com/Restaurant_Review-g293926-d28669803-Reviews-Sake_Restaurant-Hue_Thua_Thien_Hue_Province.html,Saké Restaurant,Xem khi lặp Review
https://www.tripadvisor.com/Restaurant_Review-g11923533-d12605181-Reviews-Azura-Lang_Co_Phu_Loc_District_Thua_Thien_Hue_Province.html,Azura,Xem khi lặp Review
https://www.tripadvisor.com/Restaurant_Review-g11923533-d15398599-Reviews-Nha_Hang_H_i_S_n_Lang_Chai-Lang_Co_Phu_Loc_District_Thua_Thien_Hue_Province.html,Nhà Hàng Hải Sản Làng Chài,Xem khi lặp Review
https://www.tripadvisor.com/Restaurant_Review-g293926-d10169373-Reviews-Hue_Jade_Restaurant-Hue_Thua_Thien_Hue_Province.html,Hue Jade Restaurant,Xem khi lặp Review
https://www.tripadvisor.com/Restaurant_Review-g293926-d33931796-Reviews-Starbucks_Hue-Hue_Thua_Thien_Hue_Province.html,Starbucks Hue,Xem khi lặp Review
https://www.tripadvisor.com/Restaurant_Review-g12293805-d17623523-Reviews-Chuon_Lagoon_Restaurant-Thuan_An_Thua_Thien_Hue_Province.html,Chuon Lagoon Restaurant,Xem khi lặp Review
https://www.tripadvisor.com/Restaurant_Review-g293926-d24946595-Reviews-Nha_Hang_Gao-Hue_Thua_Thien_Hue_Province.html,Nha Hang Gao,Xem khi lặp Review
https://www.tripadvisor.com/Restaurant_Review-g293926-d15186319-Reviews-Quan_banh_Chi-Hue_Thua_Thien_Hue_Province.html,Quán bánh Chi,Xem khi lặp Review
https://www.tripadvisor.com/Restaurant_Review-g293926-d1795319-Reviews-Khong_Gian_Xua-Hue_Thua_Thien_Hue_Province.html,Khong Gian Xua,Xem khi lặp Review
https://www.tripadvisor.com/Restaurant_Review-g293926-d34040376-Reviews-Luna_Bistro_Bar-Hue_Thua_Thien_Hue_Province.html,Luna Bistro & Bar,Xem khi lặp Review
https://www.tripadvisor.com/Restaurant_Review-g293926-d4793181-Reviews-Lac_Thanh-Hue_Thua_Thien_Hue_Province.html,Lac Thanh,Xem khi lặp Review
https://www.tripadvisor.com/Restaurant_Review-g293926-d32869134-Reviews-1995s_Hub_Rooftop_Bar-Hue_Thua_Thien_Hue_Province.html,1995s Hub Rooftop Bar,Xem khi lặp Review
https://www.tripadvisor.com/Restaurant_Review-g293926-d12230714-Reviews-Bun_bo_Hue-Hue_Thua_Thien_Hue_Province.html,Bun bo Hue,Xem khi lặp Review
https://www.tripadvisor.com/Restaurant_Review-g11923533-d10039797-Reviews-Minh_Hang-Lang_Co_Phu_Loc_District_Thua_Thien_Hue_Province.html,Minh Hang,Xem khi lặp Review
https://www.tripadvisor.com/Restaurant_Review-g293926-d25755822-Reviews-Hi_Boss_restaurant-Hue_Thua_Thien_Hue_Province.html,Hi Boss restaurant,Xem khi lặp Review
https://www.tripadvisor.com/Restaurant_Review-g293926-d4914368-Reviews-La_Pines-Hue_Thua_Thien_Hue_Province.html,La Pines,Xem khi lặp Review
https://www.tripadvisor.com/Restaurant_Review-g293926-d6894038-Reviews-Thanh_Lieu-Hue_Thua_Thien_Hue_Province.html,Thanh Liêu,Xem khi lặp Review
https://www.tripadvisor.com/Restaurant_Review-g293926-d26313442-Reviews-Nha_Hang_Chay_Huong_Mai-Hue_Thua_Thien_Hue_Province.html,Nhà Hàng Chay Hương Mai,Xem khi lặp Review
https://www.tripadvisor.com/Restaurant_Review-g293926-d25391726-Reviews-Nam_Phuong_Restaurant-Hue_Thua_Thien_Hue_Province.html,Nam Phuong Restaurant,Xem khi lặp Review
https://www.tripadvisor.com/Restaurant_Review-g293926-d15296514-Reviews-Golden_Land-Hue_Thua_Thien_Hue_Province.html,Golden Land,Xem khi lặp Review
https://www.tripadvisor.com/Restaurant_Review-g293926-d1633392-Reviews-Pho_Sai_Gon-Hue_Thua_Thien_Hue_Province.html,Pho Sai Gon,Xem khi lặp Review
https://www.tripadvisor.com/Restaurant_Review-g293926-d4747357-Reviews-The_Beach_Bar_Hue-Hue_Thua_Thien_Hue_Province.html,The Beach Bar Hue,Xem khi lặp Review
https://www.tripadvisor.com/Restaurant_Review-g293926-d25353059-Reviews-The_Temple_Restaurant_Hue-Hue_Thua_Thien_Hue_Province.html,The Temple Restaurant Hue,Xem khi lặp Review
https://www.tripadvisor.com/Restaurant_Review-g293926-d33056551-Reviews-Nha_Hang_Than_Thi_n_Com_Nieu_Nha_Ruong-Hue_Thua_Thien_Hue_Province.html,Nhà Hàng Thân Thiện - Com Nieu Nha Ruong,Xem khi lặp Review
https://www.tripadvisor.com/Restaurant_Review-g293926-d30695557-Reviews-An_Nhi_Vegan_Tea_Coffee_Restaurant-Hue_Thua_Thien_Hue_Province.html,An Nhi Vegan _ Tea _ Coffee Restaurant,Xem khi lặp Review
https://www.tripadvisor.com/Restaurant_Review-g293926-d13480429-Reviews-Quan_So_Hu-Hue_Thua_Thien_Hue_Province.html,Quán Sò Huế,Xem khi lặp Review
https://www.tripadvisor.com/Restaurant_Review-g293926-d28114321-Reviews-Da_me_Cafe_Coffee_Pastry-Hue_Thua_Thien_Hue_Province.html,Đa:mê Café - Coffee & Pastry,Xem khi lặp Review
https://www.tripadvisor.com/Restaurant_Review-g293926-d4062843-Reviews-Ba_Do-Hue_Thua_Thien_Hue_Province.html,Ba Do,Xem khi lặp Review
https://www.tripadvisor.com/Restaurant_Review-g293926-d32904217-Reviews-Huetui-Hue_Thua_Thien_Hue_Province.html,Huetui,Xem khi lặp Review
https://www.tripadvisor.com/Restaurant_Review-g293926-d9997120-Reviews-Tu_Phuong_Vo_Su_Lau_Coffee-Hue_Thua_Thien_Hue_Province.html,Tu Phuong Vo Su Lau Coffee,Xem khi lặp Review
https://www.tripadvisor.com/Restaurant_Review-g293926-d24030355-Reviews-Morning_Glory_Hue_Local_Restaurant-Hue_Thua_Thien_Hue_Province.html,Morning Glory Hue - Local Restaurant,Xem khi lặp Review
https://www.tripadvisor.com/Restaurant_Review-g293926-d1058450-Reviews-Brown_Eyes_Bar-Hue_Thua_Thien_Hue_Province.html,Brown Eyes Bar,Xem khi lặp Review
https://www.tripadvisor.com/Restaurant_Review-g293926-d23650564-Reviews-T_nh_Tam_Vegan-Hue_Thua_Thien_Hue_Province.html,Tịnh Tâm Vegan,Xem khi lặp Review
https://www.tripadvisor.com/Restaurant_Review-g293926-d27928571-Reviews-Nha_Hang_Festival_Hu-Hue_Thua_Thien_Hue_Province.html,Nhà Hàng Festival Huế,Xem khi lặp Review
https://www.tripadvisor.com/Restaurant_Review-g293926-d10752041-Reviews-Green_Garden_Hue_Restaurant_Cafe-Hue_Thua_Thien_Hue_Province.html,Green Garden Hue Restaurant & Cafe,Xem khi lặp Review
https://www.tripadvisor.com/Restaurant_Review-g293926-d8635728-Reviews-Tipsy_Pub_n_Bistro-Hue_Thua_Thien_Hue_Province.html,Tipsy Pub n' Bistro,Xem khi lặp Review
https://www.tripadvisor.com/Restaurant_Review-g293926-d12530648-Reviews-Quan_Banh_Uot_Thit_Heo_Quay_Ba_Suu-Hue_Thua_Thien_Hue_Province.html,Quan Banh Uot Thit Heo Quay Ba Suu,Xem khi lặp Review
https://www.tripadvisor.com/Restaurant_Review-g293926-d26365964-Reviews-Yaki_Yum-Hue_Thua_Thien_Hue_Province.html,Yaki Yum,Xem khi lặp Review
https://www.tripadvisor.com/Restaurant_Review-g293926-d16754543-Reviews-Com_Hen_Hoa_Dong-Hue_Thua_Thien_Hue_Province.html,Com Hen Hoa Dong,Xem khi lặp Review
https://www.tripadvisor.com/Restaurant_Review-g293926-d1422380-Reviews-Banana_Mango-Hue_Thua_Thien_Hue_Province.html,Banana Mango,Xem khi lặp Review
https://www.tripadvisor.com/Restaurant_Review-g11923533-d18314363-Reviews-Quan_Na-Lang_Co_Phu_Loc_District_Thua_Thien_Hue_Province.html,Quan Na,Xem khi lặp Review
https://www.tripadvisor.com/Restaurant_Review-g293926-d8603371-Reviews-Eldora_Restaurant-Hue_Thua_Thien_Hue_Province.html,Eldora Restaurant,Xem khi lặp Review
https://www.tripadvisor.com/Restaurant_Review-g293926-d8678513-Reviews-Huong_Cau_Restaurant-Hue_Thua_Thien_Hue_Province.html,Huong Cau Restaurant,Xem khi lặp Review
https://www.tripadvisor.com/Restaurant_Review-g293926-d27501877-Reviews-Nha_Hang_Nam_Chau_H_i_Quan-Hue_Thua_Thien_Hue_Province.html,Nhà Hàng Nam Châu Hội Quán,Xem khi lặp Review
https://www.tripadvisor.com/Restaurant_Review-g293926-d25452870-Reviews-Nha_Hang_Chay_Hu_An_Vegan_Restaurant-Hue_Thua_Thien_Hue_Province.html,Nhà Hàng Chay Huế An - Vegan Restaurant,Xem khi lặp Review
https://www.tripadvisor.com/Restaurant_Review-g293926-d2067094-Reviews-Hoa_Vien-Hue_Thua_Thien_Hue_Province.html,Hoa Vien,Xem khi lặp Review
https://www.tripadvisor.com/Restaurant_Review-g293926-d27654476-Reviews-Banh_Ep_Gia_Di-Hue_Thua_Thien_Hue_Province.html,Bánh Ép Gia Di,Xem khi lặp Review
https://www.tripadvisor.com/Restaurant_Review-g293926-d8559978-Reviews-La_Brasserie_Le_Bar-Hue_Thua_Thien_Hue_Province.html,La Brasserie & Le Bar,Xem khi lặp Review
https://www.tripadvisor.com/Restaurant_Review-g293926-d15062660-Reviews-Nhi_s_Crepe_Pizza-Hue_Thua_Thien_Hue_Province.html,Nhi's Crepe & Pizza,Xem khi lặp Review
https://www.tripadvisor.com/Restaurant_Review-g293926-d10794280-Reviews-Son_Hai_Restaurant-Hue_Thua_Thien_Hue_Province.html,Son Hai Restaurant,Xem khi lặp Review
https://www.tripadvisor.com/Restaurant_Review-g293926-d24888946-Reviews-CHAY_Corner_Vietnamese_Dumplings-Hue_Thua_Thien_Hue_Province.html,CHAY Corner - Vietnamese Dumplings,Xem khi lặp Review
https://www.tripadvisor.com/Restaurant_Review-g293926-d3134654-Reviews-Song_Huong_Floating_Restaurant-Hue_Thua_Thien_Hue_Province.html,Song Huong Floating Restaurant,Xem khi lặp Review
https://www.tripadvisor.com/Restaurant_Review-g293926-d34100957-Reviews-Fai_Wine_Bar-Hue_Thua_Thien_Hue_Province.html,Fai Wine Bar,Xem khi lặp Review
https://www.tripadvisor.com/Restaurant_Review-g293926-d17838440-Reviews-Fruit_House-Hue_Thua_Thien_Hue_Province.html,Fruit House,Xem khi lặp Review
https://www.tripadvisor.com/Restaurant_Review-g293926-d25000919-Reviews-Nha_Hang_KTV-Hue_Thua_Thien_Hue_Province.html,Nhà Hàng KTV,Xem khi lặp Review
https://www.tripadvisor.com/Restaurant_Review-g293926-d15758137-Reviews-Al_Pomodoro_Restaurant_Hue-Hue_Thua_Thien_Hue_Province.html,"Al Pomodoro Restaurant, Hue",Xem khi lặp Review
https://www.tripadvisor.com/Restaurant_Review-g2549590-d12604073-Reviews-Market_Place-Phu_Loc_Phu_Loc_District_Thua_Thien_Hue_Province.html,Market Place,Xem khi lặp Review
https://www.tripadvisor.com/Restaurant_Review-g293926-d17713449-Reviews-Vinh_Lac_Tran-Hue_Thua_Thien_Hue_Province.html,Vinh Lac Tran,Xem khi lặp Review
https://www.tripadvisor.com/Restaurant_Review-g293926-d17623258-Reviews-Hue_Hostel_Sports_Bar-Hue_Thua_Thien_Hue_Province.html,Hue Hostel & Sports Bar,Xem khi lặp Review
https://www.tripadvisor.com/Restaurant_Review-g293926-d33098309-Reviews-Omega-Hue_Thua_Thien_Hue_Province.html,Omega,Xem khi lặp Review
https://www.tripadvisor.com/Restaurant_Review-g293926-d15239606-Reviews-Royal_Restaurant-Hue_Thua_Thien_Hue_Province.html,Royal Restaurant,Xem khi lặp Review
https://www.tripadvisor.com/Restaurant_Review-g293926-d24798736-Reviews-Mayla_Healthy_Coffee_Bakery-Hue_Thua_Thien_Hue_Province.html,Mayla Healthy Coffee & Bakery,Xem khi lặp Review
https://www.tripadvisor.com/Restaurant_Review-g293926-d10791812-Reviews-Anh_Kafe-Hue_Thua_Thien_Hue_Province.html,Anh Kafe,Xem khi lặp Review
https://www.tripadvisor.com/Restaurant_Review-g293926-d12832742-Reviews-De_Men_BBQ-Hue_Thua_Thien_Hue_Province.html,De Men BBQ,Xem khi lặp Review
https://www.tripadvisor.com/Restaurant_Review-g293926-d20301598-Reviews-Pumpkin_Bistro_Restaurant-Hue_Thua_Thien_Hue_Province.html,Pumpkin Bistro & Restaurant,Xem khi lặp Review
https://www.tripadvisor.com/Restaurant_Review-g293926-d1748964-Reviews-Biet_Phu_Thao_Nhi-Hue_Thua_Thien_Hue_Province.html,Biet Phu Thao Nhi,Xem khi lặp Review
https://www.tripadvisor.com/Restaurant_Review-g293926-d30426653-Reviews-Cam_On_Cafe-Hue_Thua_Thien_Hue_Province.html,Cam On Cafe,Xem khi lặp Review
https://www.tripadvisor.com/Restaurant_Review-g293926-d26727334-Reviews-Mandarin_Coffee_Restaurant-Hue_Thua_Thien_Hue_Province.html,Mandarin Coffee & Restaurant,Xem khi lặp Review
https://www.tripadvisor.com/Restaurant_Review-g293926-d12158438-Reviews-Seaweed_Food_Restaurant-Hue_Thua_Thien_Hue_Province.html,Seaweed Food Restaurant,Xem khi lặp Review
https://www.tripadvisor.com/Restaurant_Review-g293926-d12940358-Reviews-Donald_Trung-Hue_Thua_Thien_Hue_Province.html,Donald Trung,Xem khi lặp Review
https://www.tripadvisor.com/Restaurant_Review-g293926-d17631936-Reviews-Rumba_Restaurant-Hue_Thua_Thien_Hue_Province.html,Rumba Restaurant,Xem khi lặp Review
https://www.tripadvisor.com/Restaurant_Review-g293926-d2036889-Reviews-Phuoc_Thanh_Garden_Restaurant-Hue_Thua_Thien_Hue_Province.html,Phuoc Thanh Garden Restaurant,Xem khi lặp Review
https://www.tripadvisor.com/Restaurant_Review-g293926-d10757638-Reviews-Banh_Mi_Op_la-Hue_Thua_Thien_Hue_Province.html,Banh Mi Op la,Xem khi lặp Review
https://www.tripadvisor.com/Restaurant_Review-g293926-d25467004-Reviews-Tinh_Garden_Vegetarian-Hue_Thua_Thien_Hue_Province.html,Tĩnh Garden Vegetarian,Xem khi lặp Review
https://www.tripadvisor.com/Restaurant_Review-g293926-d15028722-Reviews-Huong_Traditional_Cakes_Restaurant-Hue_Thua_Thien_Hue_Province.html,Huong Traditional Cakes Restaurant,Xem khi lặp Review
https://www.tripadvisor.com/Restaurant_Review-g293926-d14776466-Reviews-Madame_Chau_Restaurant_Bar-Hue_Thua_Thien_Hue_Province.html,Madame Chau Restaurant & Bar,Xem khi lặp Review
https://www.tripadvisor.com/Restaurant_Review-g293926-d34232979-Reviews-Hu_Plaza-Hue_Thua_Thien_Hue_Province.html,Huế Plaza,Xem khi lặp Review
https://www.tripadvisor.com/Restaurant_Review-g293926-d4039457-Reviews-Banana_Flower_Restaurant-Hue_Thua_Thien_Hue_Province.html,Banana Flower Restaurant,Xem khi lặp Review
https://www.tripadvisor.com/Restaurant_Review-g11923533-d15632070-Reviews-Golf_Cafe-Lang_Co_Phu_Loc_District_Thua_Thien_Hue_Province.html,Golf Cafe,Xem khi lặp Review
https://www.tripadvisor.com/Restaurant_Review-g293926-d14041601-Reviews-Pizza_HT-Hue_Thua_Thien_Hue_Province.html,Pizza HT,Xem khi lặp Review
https://www.tripadvisor.com/Restaurant_Review-g293926-d1121806-Reviews-Hung_Vuong_Inn-Hue_Thua_Thien_Hue_Province.html,Hung Vuong Inn,Xem khi lặp Review
https://www.tripadvisor.com/Restaurant_Review-g293926-d3748747-Reviews-Le_s_Garden_Bar-Hue_Thua_Thien_Hue_Province.html,Le's Garden Bar,Xem khi lặp Review
https://www.tripadvisor.com/Restaurant_Review-g293926-d12926250-Reviews-T_O_Quan-Hue_Thua_Thien_Hue_Province.html,T.O Quan,Xem khi lặp Review
https://www.tripadvisor.com/Restaurant_Review-g293926-d10826285-Reviews-Di_Nhien_Tea_House-Hue_Thua_Thien_Hue_Province.html,Di Nhien Tea House,Xem khi lặp Review
https://www.tripadvisor.com/Restaurant_Review-g15333846-d17637214-Reviews-Hoang_Mai_Restaurant-Huong_Thuy_Thua_Thien_Hue_Province.html,Hoang Mai Restaurant,Xem khi lặp Review
https://www.tripadvisor.com/Restaurant_Review-g293926-d26767580-Reviews-Kakarotto_Udon_Tempura-Hue_Thua_Thien_Hue_Province.html,Kakarotto Udon & Tempura,Xem khi lặp Review
https://www.tripadvisor.com/Restaurant_Review-g293926-d33026771-Reviews-H_Com_N_u_L_i_Hu-Hue_Thua_Thien_Hue_Province.html,Hạ - Cơm Nấu Lối Huế,Xem khi lặp Review
https://www.tripadvisor.com/Restaurant_Review-g293926-d27103022-Reviews-Nha_Hang_Gongwuan_Hotpot-Hue_Thua_Thien_Hue_Province.html,Nhà Hàng Gongwuan Hotpot,Xem khi lặp Review
https://www.tripadvisor.com/Restaurant_Review-g293926-d19501970-Reviews-King_s_Panorama_Bar-Hue_Thua_Thien_Hue_Province.html,King’s Panorama Bar,Xem khi lặp Review
https://www.tripadvisor.com/Restaurant_Review-g293926-d7042179-Reviews-Hoa_Nghiem_Vegetarian_Restaurant-Hue_Thua_Thien_Hue_Province.html,Hoa Nghiem Vegetarian Restaurant,Xem khi lặp Review
https://www.tripadvisor.com/Restaurant_Review-g293926-d8803535-Reviews-Nam_Phuong_Restaurant-Hue_Thua_Thien_Hue_Province.html,Nam Phuong Restaurant,Xem khi lặp Review
https://www.tripadvisor.com/Restaurant_Review-g293926-d28123136-Reviews-Revolution_Express_Lang_Co-Hue_Thua_Thien_Hue_Province.html,Revolution Express Lang Co,Xem khi lặp Review
https://www.tripadvisor.com/Restaurant_Review-g293926-d18188592-Reviews-Ruby_Bistro_Restaurant-Hue_Thua_Thien_Hue_Province.html,Ruby Bistro Restaurant,Xem khi lặp Review
https://www.tripadvisor.com/Restaurant_Review-g293926-d33372917-Reviews-Sweetie_Lemon_Vegetarian_Fusion_Coffee_Bakery-Hue_Thua_Thien_Hue_Province.html,"Sweetie Lemon - Vegetarian Fusion, Coffee & Bakery",Xem khi lặp Review
https://www.tripadvisor.com/Restaurant_Review-g293926-d12711242-Reviews-The_Rustic_Kitchen_Chill_Bar-Hue_Thua_Thien_Hue_Province.html,The Rustic Kitchen & Chill Bar,Xem khi lặp Review
https://www.tripadvisor.com/Restaurant_Review-g293926-d32414296-Reviews-Pinetree_House_Restaurant_Hu-Hue_Thua_Thien_Hue_Province.html,Pinetree House Restaurant Huế,Xem khi lặp Review
https://www.tripadvisor.com/Restaurant_Review-g293926-d4793518-Reviews-Victory_Bar-Hue_Thua_Thien_Hue_Province.html,Victory Bar,Xem khi lặp Review
https://www.tripadvisor.com/Restaurant_Review-g293926-d10834352-Reviews-Quang_Aachener_Imbiss-Hue_Thua_Thien_Hue_Province.html,Quang Aachener Imbiss,Xem khi lặp Review
https://www.tripadvisor.com/Restaurant_Review-g293926-d23348745-Reviews-Mew_Secret-Hue_Thua_Thien_Hue_Province.html,Méw Secret,Xem khi lặp Review
https://www.tripadvisor.com/Restaurant_Review-g293926-d9705440-Reviews-Quan_Nho-Hue_Thua_Thien_Hue_Province.html,Quan Nho,Xem khi lặp Review
https://www.tripadvisor.com/Restaurant_Review-g293926-d12731125-Reviews-Bun_Bo_Hue_My_Tam-Hue_Thua_Thien_Hue_Province.html,Bun Bo Hue My Tam,Xem khi lặp Review
https://www.tripadvisor.com/Restaurant_Review-g293926-d19849783-Reviews-Khong_Gian_Xua-Hue_Thua_Thien_Hue_Province.html,Khong Gian Xua,Xem khi lặp Review
https://www.tripadvisor.com/Restaurant_Review-g293926-d13860003-Reviews-Pho_Nui_Restaurant-Hue_Thua_Thien_Hue_Province.html,Pho Nui Restaurant,Xem khi lặp Review
https://www.tripadvisor.com/Restaurant_Review-g293926-d10741647-Reviews-Om_Pub_Restauran_Hue-Hue_Thua_Thien_Hue_Province.html,Om Pub & Restauran Hue,Xem khi lặp Review
https://www.tripadvisor.com/Restaurant_Review-g293926-d34273215-Reviews-Harang_Korean_Restaurant-Hue_Thua_Thien_Hue_Province.html,Harang Korean Restaurant,Xem khi lặp Review
https://www.tripadvisor.com/Restaurant_Review-g293926-d15233442-Reviews-Nha_Hang_Chay_Phuong_Nam-Hue_Thua_Thien_Hue_Province.html,Nha Hang Chay Phuong Nam,Xem khi lặp Review
https://www.tripadvisor.com/Restaurant_Review-g293926-d7927443-Reviews-Hue_Riverside_Resort_and_Spa-Hue_Thua_Thien_Hue_Province.html,Hue Riverside Resort and Spa,Xem khi lặp Review
https://www.tripadvisor.com/Restaurant_Review-g293926-d10211570-Reviews-054_Cafe-Hue_Thua_Thien_Hue_Province.html,054 Cafe',Xem khi lặp Review
https://www.tripadvisor.com/Restaurant_Review-g293926-d27150218-Reviews-All_Risotto_Restaurant-Hue_Thua_Thien_Hue_Province.html,All Risotto Restaurant,Xem khi lặp Review
https://www.tripadvisor.com/Restaurant_Review-g293926-d34265661-Reviews-Dong_Ba_Brewery_Hu_Local_Craft_Beer-Hue_Thua_Thien_Hue_Province.html,Đông Ba Brewery - Huế Local Craft Beer,Xem khi lặp Review
https://www.tripadvisor.com/Restaurant_Review-g293926-d1853132-Reviews-Ushi_Restaurant-Hue_Thua_Thien_Hue_Province.html,Ushi Restaurant,Xem khi lặp Review
https://www.tripadvisor.com/Restaurant_Review-g293926-d15530929-Reviews-Mama_s_House_Hue-Hue_Thua_Thien_Hue_Province.html,Mama's House Hue,Xem khi lặp Review
https://www.tripadvisor.com/Restaurant_Review-g293926-d34098519-Reviews-Khong_Gian_Xua_98_Minh_M_ng-Hue_Thua_Thien_Hue_Province.html,Không Gian Xưa 98 Minh Mạng,Xem khi lặp Review
https://www.tripadvisor.com/Restaurant_Review-g293926-d12369104-Reviews-Cay_Dao_Restaurant-Hue_Thua_Thien_Hue_Province.html,Cay Dao Restaurant,Xem khi lặp Review
https://www.tripadvisor.com/Restaurant_Review-g293926-d33883632-Reviews-Rice_Bowl-Hue_Thua_Thien_Hue_Province.html,Rice Bowl,Xem khi lặp Review
https://www.tripadvisor.com/Restaurant_Review-g293926-d12453602-Reviews-Green_Bean_Restaurant-Hue_Thua_Thien_Hue_Province.html,Green Bean Restaurant,Xem khi lặp Review
https://www.tripadvisor.com/Restaurant_Review-g293926-d26146533-Reviews-Old_Money_Cafe_Cocktails-Hue_Thua_Thien_Hue_Province.html,Old Money Cafe & Cocktails,Xem khi lặp Review
https://www.tripadvisor.com/Restaurant_Review-g293926-d8869828-Reviews-Stop_Eat_Family_restaurant-Hue_Thua_Thien_Hue_Province.html,Stop & Eat - Family restaurant,Xem khi lặp Review
https://www.tripadvisor.com/Restaurant_Review-g293926-d4583588-Reviews-Oasis_Bar_Restaurant-Hue_Thua_Thien_Hue_Province.html,Oasis Bar & Restaurant,Xem khi lặp Review
https://www.tripadvisor.com/Restaurant_Review-g293926-d25205905-Reviews-Soul_Kitchen-Hue_Thua_Thien_Hue_Province.html,Soul Kitchen,Xem khi lặp Review
https://www.tripadvisor.com/Restaurant_Review-g293926-d26446273-Reviews-An_Tam-Hue_Thua_Thien_Hue_Province.html,An Tam,Xem khi lặp Review
https://www.tripadvisor.com/Restaurant_Review-g293926-d13307243-Reviews-Pause_Coffee-Hue_Thua_Thien_Hue_Province.html,Pause Coffee,Xem khi lặp Review
https://www.tripadvisor.com/Restaurant_Review-g293926-d15363007-Reviews-Pho_Nuong_Tokyo_BBQ-Hue_Thua_Thien_Hue_Province.html,Pho Nuong Tokyo BBQ,Xem khi lặp Review
https://www.tripadvisor.com/Restaurant_Review-g293926-d9982917-Reviews-Viet_Village_Restaurant_Cafe-Hue_Thua_Thien_Hue_Province.html,Viet Village Restaurant Cafe,Xem khi lặp Review
https://www.tripadvisor.com/Restaurant_Review-g293926-d33352474-Reviews-Banh_Mi_Tru_ng_Ti_n_O_Tho-Hue_Thua_Thien_Hue_Province.html,Bánh Mì Trường Tiền O Tho,Xem khi lặp Review
https://www.tripadvisor.com/Restaurant_Review-g293926-d3330131-Reviews-Park_View_Restaurant-Hue_Thua_Thien_Hue_Province.html,Park View Restaurant,Xem khi lặp Review
https://www.tripadvisor.com/Restaurant_Review-g293926-d3347829-Reviews-Royal_Park_Hue-Hue_Thua_Thien_Hue_Province.html,"Royal Park, Hue",Xem khi lặp Review
https://www.tripadvisor.com/Restaurant_Review-g293926-d34263863-Reviews-Cafe-Hue_Thua_Thien_Hue_Province.html,Cafe,Xem khi lặp Review
https://www.tripadvisor.com/Restaurant_Review-g293926-d13968780-Reviews-Stop_Coffee_Go-Hue_Thua_Thien_Hue_Province.html,Stop Coffee Go,Xem khi lặp Review
https://www.tripadvisor.com/Restaurant_Review-g293926-d16817205-Reviews-Anh_Cookery-Hue_Thua_Thien_Hue_Province.html,Anh Cookery,Xem khi lặp Review
https://www.tripadvisor.com/Restaurant_Review-g293926-d11799874-Reviews-Garlic_Chives_Restaurant-Hue_Thua_Thien_Hue_Province.html,Garlic & Chives Restaurant,Xem khi lặp Review
https://www.tripadvisor.com/Restaurant_Review-g293926-d32596781-Reviews-Huong_Tinh_hoa_huong_v_Vi_t-Hue_Thua_Thien_Hue_Province.html,Hương - Tinh hoa hương vị Việt,Xem khi lặp Review
https://www.tripadvisor.com/Restaurant_Review-g293926-d12838473-Reviews-Barapub_Beer_Garden-Hue_Thua_Thien_Hue_Province.html,Barapub Beer Garden,Xem khi lặp Review
https://www.tripadvisor.com/Restaurant_Review-g293926-d17577342-Reviews-Cha_Ca_Ha_Noi_Ngu_Pho-Hue_Thua_Thien_Hue_Province.html,Cha Ca Ha Noi Ngu Pho,Xem khi lặp Review
https://www.tripadvisor.com/Restaurant_Review-g293926-d27130988-Reviews-ChocoHouse_Hue_Chocolate_and_Coffee-Hue_Thua_Thien_Hue_Province.html,ChocoHouse Hue_Chocolate and Coffee,Xem khi lặp Review
https://www.tripadvisor.com/Restaurant_Review-g293926-d33071223-Reviews-Sline_Sky_Bar-Hue_Thua_Thien_Hue_Province.html,Sline Sky Bar,Xem khi lặp Review
https://www.tripadvisor.com/Restaurant_Review-g293926-d6871891-Reviews-Pizza_Amour-Hue_Thua_Thien_Hue_Province.html,Pizza Amour,Xem khi lặp Review
https://www.tripadvisor.com/Restaurant_Review-g293926-d20149163-Reviews-King_BBQ-Hue_Thua_Thien_Hue_Province.html,King BBQ,Xem khi lặp Review
https://www.tripadvisor.com/Restaurant_Review-g293926-d13813117-Reviews-Koi_Coffee-Hue_Thua_Thien_Hue_Province.html,Koi Coffee,Xem khi lặp Review
https://www.tripadvisor.com/Restaurant_Review-g293926-d26883239-Reviews-Sakura_Sushi_Garden-Hue_Thua_Thien_Hue_Province.html,Sakura Sushi Garden,Xem khi lặp Review
https://www.tripadvisor.com/Restaurant_Review-g293926-d12948758-Reviews-Lotteria_Big_C-Hue_Thua_Thien_Hue_Province.html,Lotteria Big C,Xem khi lặp Review
https://www.tripadvisor.com/Restaurant_Review-g293926-d27707155-Reviews-Kim_Restaurant-Hue_Thua_Thien_Hue_Province.html,Kim Restaurant,Xem khi lặp Review
https://www.tripadvisor.com/Restaurant_Review-g293926-d15354092-Reviews-Thuy_Bieu_Restaurant-Hue_Thua_Thien_Hue_Province.html,Thuy Bieu Restaurant,Xem khi lặp Review
https://www.tripadvisor.com/Restaurant_Review-g293926-d23030915-Reviews-O_Ph_ng_bun_bo_Hu-Hue_Thua_Thien_Hue_Province.html,O Phụng bún bò Huế,Xem khi lặp Review
https://www.tripadvisor.com/Restaurant_Review-g293926-d6277268-Reviews-Tinh_Quan-Hue_Thua_Thien_Hue_Province.html,Tinh Quan,Xem khi lặp Review
https://www.tripadvisor.com/Restaurant_Review-g293926-d7816297-Reviews-Banh_Hue-Hue_Thua_Thien_Hue_Province.html,Banh Hue,Xem khi lặp Review
https://www.tripadvisor.com/Restaurant_Review-g293926-d12338696-Reviews-Hue_Plumeria_Restaurant-Hue_Thua_Thien_Hue_Province.html,Hue Plumeria Restaurant,Xem khi lặp Review
https://www.tripadvisor.com/Restaurant_Review-g293926-d34224707-Reviews-Madam_Ng_Restaurant-Hue_Thua_Thien_Hue_Province.html,Madam Ng Restaurant,Xem khi lặp Review
https://www.tripadvisor.com/Restaurant_Review-g293926-d1754241-Reviews-Hoang_Anh-Hue_Thua_Thien_Hue_Province.html,Hoang Anh,Xem khi lặp Review
https://www.tripadvisor.com/Restaurant_Review-g293926-d17604581-Reviews-Kicochi_House-Hue_Thua_Thien_Hue_Province.html,Kicochi House,Xem khi lặp Review
https://www.tripadvisor.com/Restaurant_Review-g293926-d17415287-Reviews-Nha_87_Coffee-Hue_Thua_Thien_Hue_Province.html,Nha 87 Coffee,Xem khi lặp Review
https://www.tripadvisor.com/Restaurant_Review-g293926-d28023727-Reviews-Mew_Secret-Hue_Thua_Thien_Hue_Province.html,Méw Secret,Xem khi lặp Review
https://www.tripadvisor.com/Restaurant_Review-g293926-d20302416-Reviews-Pizza_Kat-Hue_Thua_Thien_Hue_Province.html,Pizza Kat,Xem khi lặp Review
https://www.tripadvisor.com/Restaurant_Review-g293926-d33352478-Reviews-Quan_An_Nh-Hue_Thua_Thien_Hue_Province.html,Quán Ăn Nhỏ,Xem khi lặp Review
https://www.tripadvisor.com/Restaurant_Review-g293926-d8862126-Reviews-Dong_Tam_Bakery-Hue_Thua_Thien_Hue_Province.html,Dong Tam Bakery,Xem khi lặp Review
https://www.tripadvisor.com/Restaurant_Review-g293926-d12847737-Reviews-Quan_Ga_2B_Mieu_Doi-Hue_Thua_Thien_Hue_Province.html,Quan Ga 2B Mieu Doi,Xem khi lặp Review
https://www.tripadvisor.com/Restaurant_Review-g15333846-d17637218-Reviews-Hoang_Mai_Restaurant-Huong_Thuy_Thua_Thien_Hue_Province.html,Hoang Mai Restaurant,Xem khi lặp Review
https://www.tripadvisor.com/Restaurant_Review-g293926-d17713469-Reviews-Lau_Bo_A_Binh-Hue_Thua_Thien_Hue_Province.html,Lau Bo A Binh,Xem khi lặp Review
https://www.tripadvisor.com/Restaurant_Review-g293926-d11912465-Reviews-Blueberry_Coffee-Hue_Thua_Thien_Hue_Province.html,Blueberry Coffee,Xem khi lặp Review
https://www.tripadvisor.com/Restaurant_Review-g293926-d24895360-Reviews-Shanti_Craft_Beer_And_Coffee-Hue_Thua_Thien_Hue_Province.html,Shanti Craft Beer And Coffee,Xem khi lặp Review
https://www.tripadvisor.com/Restaurant_Review-g293926-d26635814-Reviews-Lucky_Cafe_Fast_Food-Hue_Thua_Thien_Hue_Province.html,Lucky Cafe & Fast Food,Xem khi lặp Review
https://www.tripadvisor.com/Restaurant_Review-g293926-d12423969-Reviews-Freedom_Hostel_Restaurant-Hue_Thua_Thien_Hue_Province.html,Freedom Hostel Restaurant,Xem khi lặp Review
https://www.tripadvisor.com/Restaurant_Review-g293926-d3983079-Reviews-Com_Nieu_Gia_Dinh_2-Hue_Thua_Thien_Hue_Province.html,Com Nieu Gia Dinh 2,Xem khi lặp Review
https://www.tripadvisor.com/Restaurant_Review-g293926-d4840494-Reviews-Rose_2-Hue_Thua_Thien_Hue_Province.html,Rose 2,Xem khi lặp Review
https://www.tripadvisor.com/Restaurant_Review-g293926-d1179593-Reviews-Nha_Hang_Thang_Long_Hue-Hue_Thua_Thien_Hue_Province.html,Nha Hang Thang Long Hue,Xem khi lặp Review
https://www.tripadvisor.com/Restaurant_Review-g293926-d1121813-Reviews-Temple_Restaurant-Hue_Thua_Thien_Hue_Province.html,Temple Restaurant,Xem khi lặp Review
https://www.tripadvisor.com/Restaurant_Review-g293926-d15581820-Reviews-Buncha_House_Restaurant-Hue_Thua_Thien_Hue_Province.html,Buncha House & Restaurant,Xem khi lặp Review
https://www.tripadvisor.com/Restaurant_Review-g293926-d27497367-Reviews-Pho_Ty-Hue_Thua_Thien_Hue_Province.html,Pho Ty,Xem khi lặp Review
https://www.tripadvisor.com/Restaurant_Review-g293926-d20091924-Reviews-75Dope_CAFE-Hue_Thua_Thien_Hue_Province.html,75Dope CAFE',Xem khi lặp Review
https://www.tripadvisor.com/Restaurant_Review-g293926-d26518445-Reviews-Kim_Restaurant-Hue_Thua_Thien_Hue_Province.html,Kim Restaurant,Xem khi lặp Review
https://www.tripadvisor.com/Restaurant_Review-g293926-d12059691-Reviews-Truong_Tien_Cafe_Restaurant-Hue_Thua_Thien_Hue_Province.html,Truong Tien Cafe & Restaurant,Xem khi lặp Review
https://www.tripadvisor.com/Restaurant_Review-g293926-d11955570-Reviews-Bigben_Coffee_Restaurant-Hue_Thua_Thien_Hue_Province.html,Bigben Coffee - Restaurant,Xem khi lặp Review
https://www.tripadvisor.com/Restaurant_Review-g293926-d10168840-Reviews-B41_Restaurant-Hue_Thua_Thien_Hue_Province.html,B41 Restaurant,Xem khi lặp Review
https://www.tripadvisor.com/Restaurant_Review-g293926-d27418358-Reviews-Nhu_n_An-Hue_Thua_Thien_Hue_Province.html,Nhuận An,Xem khi lặp Review
https://www.tripadvisor.com/Restaurant_Review-g293926-d10063258-Reviews-Orchid_Lounge-Hue_Thua_Thien_Hue_Province.html,Orchid Lounge,Xem khi lặp Review
https://www.tripadvisor.com/Restaurant_Review-g293926-d20309503-Reviews-Pumpkin_Bistro_Restaurant-Hue_Thua_Thien_Hue_Province.html,Pumpkin Bistro & Restaurant,Xem khi lặp Review
https://www.tripadvisor.com/Restaurant_Review-g293926-d13218425-Reviews-T_O_Beer-Hue_Thua_Thien_Hue_Province.html,T.O Beer,Xem khi lặp Review
https://www.tripadvisor.com/Restaurant_Review-g293926-d32824684-Reviews-Khoi_Mo-Hue_Thua_Thien_Hue_Province.html,Khói Mô,Xem khi lặp Review
https://www.tripadvisor.com/Restaurant_Review-g293926-d26626558-Reviews-Pizza_Karoo_Hue-Hue_Thua_Thien_Hue_Province.html,Pizza Karoo Hue,Xem khi lặp Review
https://www.tripadvisor.com/Restaurant_Review-g293926-d15142129-Reviews-Chimaek-Hue_Thua_Thien_Hue_Province.html,Chimaek,Xem khi lặp Review
https://www.tripadvisor.com/Restaurant_Review-g293926-d17389992-Reviews-Toa_Kham_Cafe_Restaurant-Hue_Thua_Thien_Hue_Province.html,Toa Kham Cafe & Restaurant,Xem khi lặp Review
https://www.tripadvisor.com/Restaurant_Review-g293926-d18965840-Reviews-Wagyu_Yo_Korean_BBQ-Hue_Thua_Thien_Hue_Province.html,Wagyu Yo Korean BBQ,Xem khi lặp Review
https://www.tripadvisor.com/Restaurant_Review-g293926-d15239659-Reviews-Hoa_Mai_Restaurant-Hue_Thua_Thien_Hue_Province.html,Hoa Mai Restaurant,Xem khi lặp Review
https://www.tripadvisor.com/Restaurant_Review-g293926-d3959428-Reviews-Ba_Hoa-Hue_Thua_Thien_Hue_Province.html,Ba Hoa,Xem khi lặp Review
https://www.tripadvisor.com/Restaurant_Review-g293926-d27482441-Reviews-Quan_Ken_Duong-Hue_Thua_Thien_Hue_Province.html,Quan Ken Duong,Xem khi lặp Review
https://www.tripadvisor.com/Restaurant_Review-g293926-d15749865-Reviews-Bear_Food-Hue_Thua_Thien_Hue_Province.html,Bear Food,Xem khi lặp Review
https://www.tripadvisor.com/Restaurant_Review-g293926-d4753634-Reviews-Restaurant_Bun_Bo_Thuong_Tu-Hue_Thua_Thien_Hue_Province.html,Restaurant Bun Bo Thuong Tu,Xem khi lặp Review
https://www.tripadvisor.com/Restaurant_Review-g293926-d33269901-Reviews-Ones_Casual_Bar-Hue_Thua_Thien_Hue_Province.html,Ones Casual Bar,Xem khi lặp Review
https://www.tripadvisor.com/Restaurant_Review-g293926-d24923017-Reviews-Saucy-Hue_Thua_Thien_Hue_Province.html,Saucy,Xem khi lặp Review
https://www.tripadvisor.com/Restaurant_Review-g293926-d34068868-Reviews-Com_Que_M_H_i-Hue_Thua_Thien_Hue_Province.html,Cơm Quê Mự Hải,Xem khi lặp Review
https://www.tripadvisor.com/Restaurant_Review-g293926-d10674792-Reviews-Be_Kem_Banh_Trang_Kep-Hue_Thua_Thien_Hue_Province.html,Be Kem - Banh Trang Kep,Xem khi lặp Review
https://www.tripadvisor.com/Restaurant_Review-g293926-d13430267-Reviews-Alin_s_Homestay-Hue_Thua_Thien_Hue_Province.html,Alin's Homestay,Xem khi lặp Review
https://www.tripadvisor.com/Restaurant_Review-g293926-d9739814-Reviews-Cafe_Thon_Vy-Hue_Thua_Thien_Hue_Province.html,Cafe Thon Vy,Xem khi lặp Review
https://www.tripadvisor.com/Restaurant_Review-g293926-d21317785-Reviews-Deja_Vu_Coffee_Dessert-Hue_Thua_Thien_Hue_Province.html,Deja Vu Coffee & Dessert,Xem khi lặp Review
https://www.tripadvisor.com/Restaurant_Review-g293926-d32786149-Reviews-De_B_b_House-Hue_Thua_Thien_Hue_Province.html,De B&b House,Xem khi lặp Review
https://www.tripadvisor.com/Restaurant_Review-g293926-d15757616-Reviews-Bun_Rieu_Cua_Thuy-Hue_Thua_Thien_Hue_Province.html,Bun Rieu Cua Thuy,Xem khi lặp Review
https://www.tripadvisor.com/Restaurant_Review-g293926-d4261427-Reviews-Bangkok_restaurant-Hue_Thua_Thien_Hue_Province.html,Bangkok restaurant,Xem khi lặp Review
https://www.tripadvisor.com/Restaurant_Review-g293926-d3588878-Reviews-King_Restaurant-Hue_Thua_Thien_Hue_Province.html,King Restaurant,Xem khi lặp Review
https://www.tripadvisor.com/Restaurant_Review-g293926-d13984647-Reviews-Imperial_Restaurant-Hue_Thua_Thien_Hue_Province.html,Imperial Restaurant,Xem khi lặp Review
https://www.tripadvisor.com/Restaurant_Review-g293926-d32842463-Reviews-Ph_B_c_H_ng_Loan-Hue_Thua_Thien_Hue_Province.html,Phở Bắc Hồng Loan,Xem khi lặp Review
https://www.tripadvisor.com/Restaurant_Review-g293926-d13484604-Reviews-Quan_Nam_Pho-Hue_Thua_Thien_Hue_Province.html,Quan Nam Pho,Xem khi lặp Review
https://www.tripadvisor.com/Restaurant_Review-g293926-d10757710-Reviews-Com_Am_Phu_Restaurant-Hue_Thua_Thien_Hue_Province.html,Com Am Phu Restaurant,Xem khi lặp Review
https://www.tripadvisor.com/Restaurant_Review-g293926-d33993848-Reviews-V_n_Xuan_Heritage_Bar-Hue_Thua_Thien_Hue_Province.html,Vạn Xuân Heritage Bar,Xem khi lặp Review
https://www.tripadvisor.com/Restaurant_Review-g293926-d26560853-Reviews-Sala_Hu_Nha_Hang_Chay-Hue_Thua_Thien_Hue_Province.html,Sala Huế - Nhà Hàng Chay,Xem khi lặp Review
https://www.tripadvisor.com/Restaurant_Review-g293926-d20994996-Reviews-Quan_H_t_Tieu-Hue_Thua_Thien_Hue_Province.html,Quan Hạt Tieu,Xem khi lặp Review
https://www.tripadvisor.com/Restaurant_Review-g293926-d30695556-Reviews-An_Nhi_Vegan_Restaurant-Hue_Thua_Thien_Hue_Province.html,An Nhi Vegan Restaurant,Xem khi lặp Review
https://www.tripadvisor.com/Restaurant_Review-g293926-d33001146-Reviews-Mew_Restaurant_Bar-Hue_Thua_Thien_Hue_Province.html,Méw Restaurant & Bar,Xem khi lặp Review
https://www.tripadvisor.com/Restaurant_Review-g293926-d33421168-Reviews-Trucy_Tacos_Hu-Hue_Thua_Thien_Hue_Province.html,Trucy - Tacos Huế,Xem khi lặp Review
https://www.tripadvisor.com/Restaurant_Review-g293926-d13358763-Reviews-Nha_Tram_So_21-Hue_Thua_Thien_Hue_Province.html,Nha Tram So 21,Xem khi lặp Review
https://www.tripadvisor.com/Restaurant_Review-g293926-d15785274-Reviews-Nha_Cam-Hue_Thua_Thien_Hue_Province.html,Nha Cam,Xem khi lặp Review
https://www.tripadvisor.com/Restaurant_Review-g293926-d17779871-Reviews-Mee_O-Hue_Thua_Thien_Hue_Province.html,Mee - O,Xem khi lặp Review
https://www.tripadvisor.com/Restaurant_Review-g293926-d12703271-Reviews-Gac_Mang_Re-Hue_Thua_Thien_Hue_Province.html,Gac - Mang - Re,Xem khi lặp Review
https://www.tripadvisor.com/Restaurant_Review-g293926-d27539135-Reviews-Quan_Chay_H_ng_Nga-Hue_Thua_Thien_Hue_Province.html,Quán Chay Hồng Nga,Xem khi lặp Review
https://www.tripadvisor.com/Restaurant_Review-g293926-d10755001-Reviews-Hien_Anh_Restaurant-Hue_Thua_Thien_Hue_Province.html,Hien Anh Restaurant,Xem khi lặp Review
https://www.tripadvisor.com/Restaurant_Review-g293926-d26320381-Reviews-Quan_D-Hue_Thua_Thien_Hue_Province.html,Quán Đỏ,Xem khi lặp Review
https://www.tripadvisor.com/Restaurant_Review-g293926-d3871825-Reviews-Bar_Sunlight-Hue_Thua_Thien_Hue_Province.html,Bar Sunlight,Xem khi lặp Review
https://www.tripadvisor.com/Restaurant_Review-g293926-d12864234-Reviews-Lotteria_Coopmart_Hue-Hue_Thua_Thien_Hue_Province.html,Lotteria Coopmart Hue,Xem khi lặp Review
https://www.tripadvisor.com/Restaurant_Review-g293926-d5533334-Reviews-Hoa_Hong_Restaurant-Hue_Thua_Thien_Hue_Province.html,Hoa Hong Restaurant,Xem khi lặp Review
https://www.tripadvisor.com/Restaurant_Review-g293926-d32867072-Reviews-Domino_s_Pizza_T_ng_3_Aeon_Mall_Hu-Hue_Thua_Thien_Hue_Province.html,Domino's Pizza Tầng 3 Aeon Mall Huế,Xem khi lặp Review
https://www.tripadvisor.com/Restaurant_Review-g293926-d15319993-Reviews-The_Pizza_Company-Hue_Thua_Thien_Hue_Province.html,The Pizza Company,Xem khi lặp Review
https://www.tripadvisor.com/Restaurant_Review-g293926-d21045304-Reviews-La_s_Beach_House-Hue_Thua_Thien_Hue_Province.html,La's Beach House,Xem khi lặp Review
https://www.tripadvisor.com/Restaurant_Review-g293926-d27947333-Reviews-Madame_Thu_Restaurant-Hue_Thua_Thien_Hue_Province.html,Madame Thu Restaurant,Xem khi lặp Review
https://www.tripadvisor.com/Restaurant_Review-g293926-d26956036-Reviews-Lau_Pho-Hue_Thua_Thien_Hue_Province.html,Lau Pho,Xem khi lặp Review
https://www.tripadvisor.com/Restaurant_Review-g293926-d10628429-Reviews-WHITE_Garden_Cafe-Hue_Thua_Thien_Hue_Province.html,WHITE Garden Cafe,Xem khi lặp Review
https://www.tripadvisor.com/Restaurant_Review-g293926-d27491085-Reviews-Chill_Out_46_Truong_Gia_Mo-Hue_Thua_Thien_Hue_Province.html,Chill Out - 46 Trương Gia Mô,Xem khi lặp Review
https://www.tripadvisor.com/Restaurant_Review-g293926-d13359511-Reviews-Cheer_Restaurant-Hue_Thua_Thien_Hue_Province.html,Cheer Restaurant,Xem khi lặp Review
https://www.tripadvisor.com/Restaurant_Review-g293926-d23402096-Reviews-Pizza_Berry-Hue_Thua_Thien_Hue_Province.html,Pizza Berry,Xem khi lặp Review
https://www.tripadvisor.com/Restaurant_Review-g293926-d2650063-Reviews-Chau_Loan-Hue_Thua_Thien_Hue_Province.html,Chau Loan,Xem khi lặp Review
https://www.tripadvisor.com/Restaurant_Review-g293926-d3163767-Reviews-A_VINH_GAN_KIEU_68-Hue_Thua_Thien_Hue_Province.html,"A. VINH, GAN KIEU 68.",Xem khi lặp Review
https://www.tripadvisor.com/Restaurant_Review-g293926-d13837733-Reviews-CHU_Cafe_Lounge-Hue_Thua_Thien_Hue_Province.html,CHU Cafe & Lounge,Xem khi lặp Review
https://www.tripadvisor.com/Restaurant_Review-g293926-d24089715-Reviews-Den_Dau-Hue_Thua_Thien_Hue_Province.html,Den Dau,Xem khi lặp Review
https://www.tripadvisor.com/Restaurant_Review-g293926-d13222192-Reviews-Vuon_Pho_Restaurant-Hue_Thua_Thien_Hue_Province.html,Vuon Pho Restaurant,Xem khi lặp Review
https://www.tripadvisor.com/Restaurant_Review-g293926-d11761191-Reviews-Banquet_Jules_Ferry_Restaurant-Hue_Thua_Thien_Hue_Province.html,Banquet & Jules Ferry Restaurant,Xem khi lặp Review
https://www.tripadvisor.com/Restaurant_Review-g293926-d17390016-Reviews-Quan_Com_Hen-Hue_Thua_Thien_Hue_Province.html,Quan Com Hen,Xem khi lặp Review
https://www.tripadvisor.com/Restaurant_Review-g293926-d12832593-Reviews-Sen_Restaurant-Hue_Thua_Thien_Hue_Province.html,Sen Restaurant,Xem khi lặp Review
https://www.tripadvisor.com/Restaurant_Review-g293926-d28841281-Reviews-Han_Restaurant-Hue_Thua_Thien_Hue_Province.html,Han Restaurant,Xem khi lặp Review
https://www.tripadvisor.com/Restaurant_Review-g293926-d10674869-Reviews-A_Dau_Pork_Rolls-Hue_Thua_Thien_Hue_Province.html,A Dau - Pork Rolls,Xem khi lặp Review
https://www.tripadvisor.com/Restaurant_Review-g293926-d12120320-Reviews-The_Ware_house-Hue_Thua_Thien_Hue_Province.html,The Ware-house,Xem khi lặp Review
https://www.tripadvisor.com/Restaurant_Review-g293926-d10078009-Reviews-Zoom_Cafe-Hue_Thua_Thien_Hue_Province.html,Zoom Cafe,Xem khi lặp Review
https://www.tripadvisor.com/Restaurant_Review-g293926-d11707662-Reviews-An_Phuoc_Restaurant-Hue_Thua_Thien_Hue_Province.html,An Phuoc Restaurant,Xem khi lặp Review
https://www.tripadvisor.com/Restaurant_Review-g293926-d33351604-Reviews-Mon_Am_Dac-Hue_Thua_Thien_Hue_Province.html,Mon Am Dac,Xem khi lặp Review
https://www.tripadvisor.com/Restaurant_Review-g293926-d23370287-Reviews-Tra_Dinh_Vien-Hue_Thua_Thien_Hue_Province.html,Tra Dinh Vien,Xem khi lặp Review
https://www.tripadvisor.com/Restaurant_Review-g293926-d17301512-Reviews-B_I_Beer_Coffee-Hue_Thua_Thien_Hue_Province.html,B.I Beer & Coffee,Xem khi lặp Review
https://www.tripadvisor.com/Restaurant_Review-g293926-d15035632-Reviews-Com_Hen_Nhu_Y-Hue_Thua_Thien_Hue_Province.html,Com Hen Nhu Y,Xem khi lặp Review
https://www.tripadvisor.com/Restaurant_Review-g293926-d34246035-Reviews-Jade_Ginger_Restaurant-Hue_Thua_Thien_Hue_Province.html,Jade & Ginger Restaurant,Xem khi lặp Review
https://www.tripadvisor.com/Restaurant_Review-g293926-d26313914-Reviews-King_Beer-Hue_Thua_Thien_Hue_Province.html,King Beer,Xem khi lặp Review
https://www.tripadvisor.com/Restaurant_Review-g293926-d14770524-Reviews-Banh_Mi_Truyen_Thong_Dong_Ba-Hue_Thua_Thien_Hue_Province.html,Banh Mi Truyen Thong Dong Ba,Xem khi lặp Review
https://www.tripadvisor.com/Restaurant_Review-g293926-d33090516-Reviews-Cafe_Paris-Hue_Thua_Thien_Hue_Province.html,Cafe Paris,Xem khi lặp Review
https://www.tripadvisor.com/Restaurant_Review-g293926-d7816275-Reviews-Quynh_Huong-Hue_Thua_Thien_Hue_Province.html,Quynh Huong,Xem khi lặp Review
https://www.tripadvisor.com/Restaurant_Review-g293926-d16762673-Reviews-Life_Bar_Restaurant-Hue_Thua_Thien_Hue_Province.html,Life Bar - Restaurant,Xem khi lặp Review
https://www.tripadvisor.com/Restaurant_Review-g2549590-d9853913-Reviews-Khanh_Chi_Restaurant-Phu_Loc_Phu_Loc_District_Thua_Thien_Hue_Province.html,Khanh Chi Restaurant,Xem khi lặp Review
https://www.tripadvisor.com/Restaurant_Review-g293926-d34083858-Reviews-100_Beer-Hue_Thua_Thien_Hue_Province.html,100% Beer,Xem khi lặp Review
https://www.tripadvisor.com/Restaurant_Review-g293926-d18721421-Reviews-3T_Bread_Coffee-Hue_Thua_Thien_Hue_Province.html,3T Bread & Coffee,Xem khi lặp Review
https://www.tripadvisor.com/Restaurant_Review-g293926-d17118451-Reviews-Zone_7_Coffee_Restaurant-Hue_Thua_Thien_Hue_Province.html,Zone 7 Coffee & Restaurant,Xem khi lặp Review
https://www.tripadvisor.com/Restaurant_Review-g293926-d9745703-Reviews-Ghita_Cafe-Hue_Thua_Thien_Hue_Province.html,Ghita Cafe,Xem khi lặp Review
https://www.tripadvisor.com/Restaurant_Review-g293926-d15815081-Reviews-Pho_20-Hue_Thua_Thien_Hue_Province.html,Pho 20,Xem khi lặp Review
https://www.tripadvisor.com/Restaurant_Review-g293926-d12130785-Reviews-An_Hien_Bar_Cafe-Hue_Thua_Thien_Hue_Province.html,An Hien Bar & Cafe,Xem khi lặp Review
https://www.tripadvisor.com/Restaurant_Review-g293926-d19796576-Reviews-Cool_Beer_Xin_Chao-Hue_Thua_Thien_Hue_Province.html,Cool Beer Xin Chao,Xem khi lặp Review
https://www.tripadvisor.com/Restaurant_Review-g293926-d25572991-Reviews-Hy_Lai_Lac_Restaurant-Hue_Thua_Thien_Hue_Province.html,Hy Lai Lac Restaurant,Xem khi lặp Review
https://www.tripadvisor.com/Restaurant_Review-g293926-d12357587-Reviews-Geylang_Hue_Restaurant-Hue_Thua_Thien_Hue_Province.html,Geylang Hue Restaurant,Xem khi lặp Review
https://www.tripadvisor.com/Restaurant_Review-g293926-d26631404-Reviews-O_Huong-Hue_Thua_Thien_Hue_Province.html,O Hương,Xem khi lặp Review
https://www.tripadvisor.com/Restaurant_Review-g293926-d23370678-Reviews-Hanok_cafe-Hue_Thua_Thien_Hue_Province.html,hanok cafe,Xem khi lặp Review
https://www.tripadvisor.com/Restaurant_Review-g293926-d13860027-Reviews-ABOSS-Hue_Thua_Thien_Hue_Province.html,ABOSS,Xem khi lặp Review
https://www.tripadvisor.com/Restaurant_Review-g293926-d32914364-Reviews-An_Ky_m_Th_c_De_Nui-Hue_Thua_Thien_Hue_Province.html,Ân Ký - Ẩm Thực Dê Núi,Xem khi lặp Review
https://www.tripadvisor.com/Restaurant_Review-g293926-d9706214-Reviews-Dau_Xua_Coffee_Restaurant-Hue_Thua_Thien_Hue_Province.html,Dau Xua Coffee & Restaurant,Xem khi lặp Review
https://www.tripadvisor.com/Restaurant_Review-g293926-d10168103-Reviews-KaThy_Restaurant-Hue_Thua_Thien_Hue_Province.html,KaThy Restaurant,Xem khi lặp Review
https://www.tripadvisor.com/Restaurant_Review-g293926-d19354268-Reviews-HekSa-Hue_Thua_Thien_Hue_Province.html,HekSa,Xem khi lặp Review
https://www.tripadvisor.com/Restaurant_Review-g293926-d8617791-Reviews-Phuc_Tam_Quan-Hue_Thua_Thien_Hue_Province.html,Phuc Tam Quan,Xem khi lặp Review
https://www.tripadvisor.com/Restaurant_Review-g293926-d10719989-Reviews-La_Maison_Cafe_Restaurant-Hue_Thua_Thien_Hue_Province.html,La Maison Cafe & Restaurant,Xem khi lặp Review
https://www.tripadvisor.com/Restaurant_Review-g293926-d13114872-Reviews-Pho_Tuan-Hue_Thua_Thien_Hue_Province.html,Pho Tuan,Xem khi lặp Review
https://www.tripadvisor.com/Restaurant_Review-g293926-d5790390-Reviews-Villa_Hue_Resaurant-Hue_Thua_Thien_Hue_Province.html,Villa Hue Resaurant,Xem khi lặp Review
https://www.tripadvisor.com/Restaurant_Review-g293926-d13128471-Reviews-Backpacker_Bar_and_Restaurant-Hue_Thua_Thien_Hue_Province.html,Backpacker Bar and Restaurant,Xem khi lặp Review
https://www.tripadvisor.com/Restaurant_Review-g293926-d12245318-Reviews-Le_Nhu_Y_Restaurant-Hue_Thua_Thien_Hue_Province.html,Le Nhu Y Restaurant,Xem khi lặp Review
https://www.tripadvisor.com/Restaurant_Review-g293926-d34275871-Reviews-Halangsigdang-Hue_Thua_Thien_Hue_Province.html,halangsigdang,Xem khi lặp Review
https://www.tripadvisor.com/Restaurant_Review-g293926-d28107146-Reviews-Romance_Riverside-Hue_Thua_Thien_Hue_Province.html,Romance Riverside,Xem khi lặp Review
https://www.tripadvisor.com/Restaurant_Review-g293926-d10200228-Reviews-Nagomi_Japanese_Restaurant-Hue_Thua_Thien_Hue_Province.html,Nagomi Japanese Restaurant,Xem khi lặp Review
https://www.tripadvisor.com/Restaurant_Review-g293926-d25080661-Reviews-King_Ocean_68_Restaurant-Hue_Thua_Thien_Hue_Province.html,King Ocean 68 Restaurant,Xem khi lặp Review
https://www.tripadvisor.com/Restaurant_Review-g293926-d26172867-Reviews-Ph_Thanh-Hue_Thua_Thien_Hue_Province.html,Phở Thành,Xem khi lặp Review
https://www.tripadvisor.com/Restaurant_Review-g293926-d12338742-Reviews-The_Hub_Beer_Lounge_Restaurant-Hue_Thua_Thien_Hue_Province.html,The Hub Beer - Lounge - Restaurant,Xem khi lặp Review
https://www.tripadvisor.com/Restaurant_Review-g293926-d9701239-Reviews-Ton_Nu_Vien_Cafe-Hue_Thua_Thien_Hue_Province.html,Ton Nu Vien Cafe,Xem khi lặp Review
https://www.tripadvisor.com/Restaurant_Review-g293926-d7157555-Reviews-Vien_Phong_Garden-Hue_Thua_Thien_Hue_Province.html,Vien Phong Garden,Xem khi lặp Review
https://www.tripadvisor.com/Restaurant_Review-g293926-d34158446-Reviews-Hoang_Yen_Restaurant-Hue_Thua_Thien_Hue_Province.html,Hoang Yen Restaurant,Xem khi lặp Review
https://www.tripadvisor.com/Restaurant_Review-g293926-d27174005-Reviews-Chao_Bo_O_Tu_260_B_ch_D_ng-Hue_Thua_Thien_Hue_Province.html,Cháo Bò O Tuệ - 260 Bạch Đằng,Xem khi lặp Review
https://www.tripadvisor.com/Restaurant_Review-g293926-d12850843-Reviews-Banh_Canh_Ba_Doi-Hue_Thua_Thien_Hue_Province.html,Banh Canh Ba Doi,Xem khi lặp Review
https://www.tripadvisor.com/Restaurant_Review-g293926-d15353953-Reviews-Reo_Coffee-Hue_Thua_Thien_Hue_Province.html,Reo Coffee,Xem khi lặp Review
https://www.tripadvisor.com/Restaurant_Review-g293926-d15522204-Reviews-Mr_Thinh-Hue_Thua_Thien_Hue_Province.html,Mr. Thinh,Xem khi lặp Review
https://www.tripadvisor.com/Restaurant_Review-g2549590-d32701900-Reviews-Ga_Lang_Co_Restaurant-Phu_Loc_Phu_Loc_District_Thua_Thien_Hue_Province.html,Ga Lang Co Restaurant,Xem khi lặp Review
https://www.tripadvisor.com/Restaurant_Review-g293926-d14795049-Reviews-Coy_Sushi_Tea-Hue_Thua_Thien_Hue_Province.html,Coy Sushi & Tea,Xem khi lặp Review
https://www.tripadvisor.com/Restaurant_Review-g293926-d27655857-Reviews-Sophie_Club-Hue_Thua_Thien_Hue_Province.html,Sophie Club,Xem khi lặp Review
https://www.tripadvisor.com/Restaurant_Review-g293926-d20302410-Reviews-Baskin_Robbins-Hue_Thua_Thien_Hue_Province.html,Baskin Robbins,Xem khi lặp Review
https://www.tripadvisor.com/Restaurant_Review-g293926-d15239618-Reviews-Riverside_Restaurant-Hue_Thua_Thien_Hue_Province.html,Riverside Restaurant,Xem khi lặp Review
https://www.tripadvisor.com/Restaurant_Review-g293926-d27500654-Reviews-Le_Soleil_De_Hue-Hue_Thua_Thien_Hue_Province.html,Le Soleil De Hué,Xem khi lặp Review
https://www.tripadvisor.com/Restaurant_Review-g293926-d12907284-Reviews-Chuong_Gio_Garden-Hue_Thua_Thien_Hue_Province.html,Chuong Gio Garden,Xem khi lặp Review
https://www.tripadvisor.com/Restaurant_Review-g293926-d25033522-Reviews-Nha_Hang_N_i_Song_Huong-Hue_Thua_Thien_Hue_Province.html,Nhà Hàng Nổi Sông Hương,Xem khi lặp Review
https://www.tripadvisor.com/Restaurant_Review-g293926-d33412004-Reviews-Tam_Huy_Quan_Banh_Out_Heo_Quay-Hue_Thua_Thien_Hue_Province.html,"Tam Huy, Quan Banh Out Heo Quay",Xem khi lặp Review
https://www.tripadvisor.com/Restaurant_Review-g293926-d15512274-Reviews-Pao_Lou_Restaurant-Hue_Thua_Thien_Hue_Province.html,Pao Lou Restaurant,Xem khi lặp Review
https://www.tripadvisor.com/Restaurant_Review-g293926-d27952064-Reviews-Quan_Ba_Ty_Bun_Th_t_Nu_ng_Nem_L_i-Hue_Thua_Thien_Hue_Province.html,Quán Bà Tý - Bún Thịt Nướng & Nem Lụi,Xem khi lặp Review
https://www.tripadvisor.com/Restaurant_Review-g293926-d25261182-Reviews-Ph_Hung-Hue_Thua_Thien_Hue_Province.html,Phở Hưng,Xem khi lặp Review
https://www.tripadvisor.com/Restaurant_Review-g293926-d34246036-Reviews-The_Amber_Lounge-Hue_Thua_Thien_Hue_Province.html,The Amber Lounge,Xem khi lặp Review
https://www.tripadvisor.com/Restaurant_Review-g293926-d25466169-Reviews-Tinh_Garden_Vegetarian-Hue_Thua_Thien_Hue_Province.html,Tinh Garden Vegetarian,Xem khi lặp Review
https://www.tripadvisor.com/Restaurant_Review-g293926-d32724562-Reviews-Fresh_Noodle_Hut_Aeon_Mall_Hue-Hue_Thua_Thien_Hue_Province.html,Fresh Noodle Hut - Aeon Mall Hue,Xem khi lặp Review
https://www.tripadvisor.com/Restaurant_Review-g293926-d27098870-Reviews-De_nui_Quang_Trung-Hue_Thua_Thien_Hue_Province.html,Dê núi Quang Trung,Xem khi lặp Review
https://www.tripadvisor.com/Restaurant_Review-g293926-d20913111-Reviews-Bangin_Balcony_Restaurant-Hue_Thua_Thien_Hue_Province.html,Bangin' Balcony Restaurant,Xem khi lặp Review
https://www.tripadvisor.com/Restaurant_Review-g293926-d33862451-Reviews-Sakido-Hue_Thua_Thien_Hue_Province.html,Sakido,Xem khi lặp Review
https://www.tripadvisor.com/Restaurant_Review-g293926-d25398255-Reviews-Cold_Beer_Xin_Chao-Hue_Thua_Thien_Hue_Province.html,Cold Beer Xin Chào,Xem khi lặp Review
https://www.tripadvisor.com/Restaurant_Review-g293926-d34032991-Reviews-H_ng_Na_Restaurant-Hue_Thua_Thien_Hue_Province.html,Hằng Na Restaurant,Xem khi lặp Review
https://www.tripadvisor.com/Restaurant_Review-g293926-d24477308-Reviews-Mayla_Healthy-Hue_Thua_Thien_Hue_Province.html,Mayla Healthy,Xem khi lặp Review
https://www.tripadvisor.com/Restaurant_Review-g293926-d34246089-Reviews-COM_QUE_M_H_I-Hue_Thua_Thien_Hue_Province.html,CƠM QUÊ MỰ HẢI,Xem khi lặp Review
https://www.tripadvisor.com/Restaurant_Review-g293926-d12291675-Reviews-Lau_Bo_A_Cu-Hue_Thua_Thien_Hue_Province.html,Lau Bo A Cu,Xem khi lặp Review
https://www.tripadvisor.com/Restaurant_Review-g293926-d32840984-Reviews-Tr_m_Banh_Viennoiserie_More-Hue_Thua_Thien_Hue_Province.html,Trạm Bánh Viennoiserie & More,Xem khi lặp Review
https://www.tripadvisor.com/Restaurant_Review-g293926-d23035781-Reviews-Chill_Out-Hue_Thua_Thien_Hue_Province.html,Chill Out,Xem khi lặp Review
https://www.tripadvisor.com/Restaurant_Review-g293926-d27730678-Reviews-1979_Restaurant-Hue_Thua_Thien_Hue_Province.html,1979 Restaurant,Xem khi lặp Review
https://www.tripadvisor.com/Restaurant_Review-g293926-d27656454-Reviews-Sophie_Club-Hue_Thua_Thien_Hue_Province.html,Sophie Club,Xem khi lặp Review
https://www.tripadvisor.com/Restaurant_Review-g293926-d28453029-Reviews-Khao_Nua_Thai_Cuisine_Aeon_Mall_Hu-Hue_Thua_Thien_Hue_Province.html,Khao & Nua - Thai Cuisine Aeon Mall Huế,Xem khi lặp Review
https://www.tripadvisor.com/Restaurant_Review-g293926-d33069407-Reviews-D_a_Bun_M_m-Hue_Thua_Thien_Hue_Province.html,Dứa - Bún Mắm,Xem khi lặp Review
https://www.tripadvisor.com/Restaurant_Review-g293926-d27500047-Reviews-Abc_Kafe-Hue_Thua_Thien_Hue_Province.html,Abc Kafe,Xem khi lặp Review
https://www.tripadvisor.com/Restaurant_Review-g293926-d26588527-Reviews-Coco_Beer-Hue_Thua_Thien_Hue_Province.html,Coco Beer,Xem khi lặp Review
https://www.tripadvisor.com/Restaurant_Review-g293926-d25453582-Reviews-Asean_Restaurant-Hue_Thua_Thien_Hue_Province.html,Asean Restaurant,Xem khi lặp Review
https://www.tripadvisor.com/Restaurant_Review-g293926-d34122709-Reviews-Ikigai_Cocktail_Bar-Hue_Thua_Thien_Hue_Province.html,Ikigai Cocktail Bar,Xem khi lặp Review
https://www.tripadvisor.com/Restaurant_Review-g293926-d9706247-Reviews-Dong_Phat_Bakery-Hue_Thua_Thien_Hue_Province.html,Dong Phat Bakery,Xem khi lặp Review
https://www.tripadvisor.com/Restaurant_Review-g293926-d15522223-Reviews-Bun_Bo_Hue_Thu_Ha-Hue_Thua_Thien_Hue_Province.html,Bun Bo Hue Thu Ha,Xem khi lặp Review
https://www.tripadvisor.com/Restaurant_Review-g293926-d27572439-Reviews-Ph_c_Restaurant-Hue_Thua_Thien_Hue_Province.html,Phố Ốc Restaurant,Xem khi lặp Review
https://www.tripadvisor.com/Restaurant_Review-g293926-d16710791-Reviews-Xom_7_Ca_Phe-Hue_Thua_Thien_Hue_Province.html,Xom 7 Ca Phe,Xem khi lặp Review
https://www.tripadvisor.com/Restaurant_Review-g293926-d28452481-Reviews-Hp3_Bbq_Aeon_Mall_Hu-Hue_Thua_Thien_Hue_Province.html,Hp3 Bbq Aeon Mall Huế,Xem khi lặp Review
https://www.tripadvisor.com/Restaurant_Review-g293926-d21141921-Reviews-Quan_Hau_Hi-Hue_Thua_Thien_Hue_Province.html,Quán Hàu Hí,Xem khi lặp Review
https://www.tripadvisor.com/Restaurant_Review-g293926-d34065089-Reviews-D_ng_Lam_Vegan-Hue_Thua_Thien_Hue_Province.html,Đồng Lam Vegan,Xem khi lặp Review
https://www.tripadvisor.com/Restaurant_Review-g293926-d15757598-Reviews-Vietnamese_Family_Meal-Hue_Thua_Thien_Hue_Province.html,Vietnamese Family Meal,Xem khi lặp Review
https://www.tripadvisor.com/Restaurant_Review-g293926-d26685452-Reviews-LANG_AN_VI_T-Hue_Thua_Thien_Hue_Province.html,LÁNG AN VIỆT,Xem khi lặp Review
https://www.tripadvisor.com/Restaurant_Review-g293926-d21160045-Reviews-Nha_Hang_Bi_n_Xanh-Hue_Thua_Thien_Hue_Province.html,Nhà Hàng Biển Xanh,Xem khi lặp Review
https://www.tripadvisor.com/Restaurant_Review-g293926-d27671984-Reviews-Kim_Thao_Quan-Hue_Thua_Thien_Hue_Province.html,Kim Thao Quán,Xem khi lặp Review
https://www.tripadvisor.com/Restaurant_Review-g293926-d34098884-Reviews-H_m_Hu_Bo_Nu_ng_Than_Hoa-Hue_Thua_Thien_Hue_Province.html,Hẻm Huế - Bò Nướng Than Hoa,Xem khi lặp Review
https://www.tripadvisor.com/Restaurant_Review-g293926-d33035934-Reviews-Nhi_Hu_nh-Hue_Thua_Thien_Hue_Province.html,Nhi Huỳnh,Xem khi lặp Review
https://www.tripadvisor.com/Restaurant_Review-g293926-d19415097-Reviews-Cuckoo_New_Restaurant_BBQ-Hue_Thua_Thien_Hue_Province.html,Cuckoo New Restaurant & BBQ,Xem khi lặp Review
https://www.tripadvisor.com/Restaurant_Review-g2549590-d34276719-Reviews-Da_Mu_i_Garden-Phu_Loc_Phu_Loc_District_Thua_Thien_Hue_Province.html,Đá Muối Garden,Xem khi lặp Review
https://www.tripadvisor.com/Restaurant_Review-g293926-d17366714-Reviews-Start_Coffee_The_Gioi_An_Vat-Hue_Thua_Thien_Hue_Province.html,Start Coffee - The Gioi An Vat,Xem khi lặp Review
https://www.tripadvisor.com/Restaurant_Review-g293926-d21298483-Reviews-Pizza_Rammus_Hu-Hue_Thua_Thien_Hue_Province.html,Pizza Rammus Huế,Xem khi lặp Review
https://www.tripadvisor.com/Restaurant_Review-g293926-d18858295-Reviews-The_Prime_Restaurant-Hue_Thua_Thien_Hue_Province.html,The Prime Restaurant,Xem khi lặp Review
https://www.tripadvisor.com/Restaurant_Review-g293926-d20217716-Reviews-Rolling_Nem-Hue_Thua_Thien_Hue_Province.html,Rolling Nem,Xem khi lặp Review
https://www.tripadvisor.com/Restaurant_Review-g293926-d34101796-Reviews-Ti_m_com_nha_co_ri-Hue_Thua_Thien_Hue_Province.html,Tiệm cơm nhà cô ri,Xem khi lặp Review
https://www.tripadvisor.com/Restaurant_Review-g293926-d18452603-Reviews-Tiem_Mi_Minh_Thi-Hue_Thua_Thien_Hue_Province.html,Tiem Mi Minh Thi,Xem khi lặp Review
https://www.tripadvisor.com/Restaurant_Review-g293926-d33412006-Reviews-Tam_Huy-Hue_Thua_Thien_Hue_Province.html,Tàm Huy,Xem khi lặp Review
https://www.tripadvisor.com/Restaurant_Review-g293926-d24044390-Reviews-Kim_Chung-Hue_Thua_Thien_Hue_Province.html,Kim Chung,Xem khi lặp Review
https://www.tripadvisor.com/Restaurant_Review-g293926-d12963362-Reviews-Hue_Local_Food-Hue_Thua_Thien_Hue_Province.html,Hue Local Food,Xem khi lặp Review
https://www.tripadvisor.com/Restaurant_Review-g15333846-d25333672-Reviews-Yumi_Restaurant-Huong_Thuy_Thua_Thien_Hue_Province.html,Yumi Restaurant,Xem khi lặp Review
https://www.tripadvisor.com/Restaurant_Review-g293926-d25109313-Reviews-Ph_Vu_n-Hue_Thua_Thien_Hue_Province.html,Phở Vườn,Xem khi lặp Review
https://www.tripadvisor.com/Restaurant_Review-g293926-d10376340-Reviews-Quan_Sy-Hue_Thua_Thien_Hue_Province.html,Quan Sy,Xem khi lặp Review
https://www.tripadvisor.com/Restaurant_Review-g293926-d10797788-Reviews-La_Dua_Restaurant-Hue_Thua_Thien_Hue_Province.html,La Dua Restaurant,Xem khi lặp Review
https://www.tripadvisor.com/Restaurant_Review-g293926-d33028659-Reviews-Him_Com_Gia_Dinh-Hue_Thua_Thien_Hue_Province.html,Him - Cơm Gia Đình,Xem khi lặp Review
https://www.tripadvisor.com/Restaurant_Review-g293926-d33972188-Reviews-KATINAT_Hu_2-Hue_Thua_Thien_Hue_Province.html,KATINAT Huế 2,Xem khi lặp Review
https://www.tripadvisor.com/Restaurant_Review-g15333846-d33124118-Reviews-C_Quan_Lang_Que-Huong_Thuy_Thua_Thien_Hue_Province.html,Ốc Quán Làng Quê,Xem khi lặp Review
https://www.tripadvisor.com/Restaurant_Review-g293926-d15528267-Reviews-Villa_Cafe-Hue_Thua_Thien_Hue_Province.html,Villa Cafe,Xem khi lặp Review
https://www.tripadvisor.com/Restaurant_Review-g293926-d3853547-Reviews-Le_pasta_pasta-Hue_Thua_Thien_Hue_Province.html,Le pasta pasta,Xem khi lặp Review
https://www.tripadvisor.com/Restaurant_Review-g293926-d30016466-Reviews-Seaweed_Food-Hue_Thua_Thien_Hue_Province.html,Seaweed Food,Xem khi lặp Review
https://www.tripadvisor.com/Restaurant_Review-g293926-d33972160-Reviews-KATINAT_Hu-Hue_Thua_Thien_Hue_Province.html,KATINAT Huế,Xem khi lặp Review
https://www.tripadvisor.com/Restaurant_Review-g293926-d27714031-Reviews-36_Dinh_Tien_Hoang-Hue_Thua_Thien_Hue_Province.html,36 Đinh Tiên Hoàng,Xem khi lặp Review
https://www.tripadvisor.com/Restaurant_Review-g293926-d32395521-Reviews-Nha_Hang_Pinetree_House-Hue_Thua_Thien_Hue_Province.html,Nhà Hàng Pinetree House,Xem khi lặp Review
https://www.tripadvisor.com/Restaurant_Review-g293926-d12385049-Reviews-H_ng_Phu_ng_Restaurant-Hue_Thua_Thien_Hue_Province.html,Hồng Phượng Restaurant,Xem khi lặp Review
https://www.tripadvisor.com/Restaurant_Review-g293926-d1720208-Reviews-Vinh_Khong-Hue_Thua_Thien_Hue_Province.html,Vinh Khong,Xem khi lặp Review
https://www.tripadvisor.com/Restaurant_Review-g293926-d4209811-Reviews-Phuoc_an_Vien-Hue_Thua_Thien_Hue_Province.html,Phuoc an Vien,Xem khi lặp Review
https://www.tripadvisor.com/Restaurant_Review-g293926-d34115574-Reviews-Gong_Wuan_Hotpot_Restaurant-Hue_Thua_Thien_Hue_Province.html,Gong Wuan Hotpot Restaurant,Xem khi lặp Review
https://www.tripadvisor.com/Restaurant_Review-g293926-d10769991-Reviews-Nha_Be_Lang_Chai_Restaurant-Hue_Thua_Thien_Hue_Province.html,Nha Be Lang Chai Restaurant,Xem khi lặp Review
https://www.tripadvisor.com/Restaurant_Review-g293926-d28126386-Reviews-Tao_Restaurant-Hue_Thua_Thien_Hue_Province.html,Táo Restaurant,Xem khi lặp Review
https://www.tripadvisor.com/Restaurant_Review-g293926-d26867636-Reviews-Banh_Canh_Nam_Ph-Hue_Thua_Thien_Hue_Province.html,Bánh Canh Nam Phổ,Xem khi lặp Review
https://www.tripadvisor.com/Restaurant_Review-g293926-d27952040-Reviews-Quan_Ba_Ty_Bun_Th_t_Nu_ng_Nem_L_i-Hue_Thua_Thien_Hue_Province.html,Quán Bà Tý - Bún Thịt Nướng & Nem Lụi,Xem khi lặp Review
https://www.tripadvisor.com/Restaurant_Review-g17607453-d17580001-Reviews-Nha_Hang_Bao_Thanh-Quang_Loi_Thua_Thien_Hue_Province.html,Nha Hang Bao Thanh,Xem khi lặp Review
https://www.tripadvisor.com/Restaurant_Review-g293926-d25744541-Reviews-Nha_Hang_Hib0ss_Hu-Hue_Thua_Thien_Hue_Province.html,Nhà Hàng Hib0ss - Huế,Xem khi lặp Review
https://www.tripadvisor.com/Restaurant_Review-g293926-d27485415-Reviews-Banh_Ganh_Hu-Hue_Thua_Thien_Hue_Province.html,Bánh Gánh Huế,Xem khi lặp Review
https://www.tripadvisor.com/Restaurant_Review-g293926-d33416649-Reviews-Ch_mm_Garden-Hue_Thua_Thien_Hue_Province.html,Chạmm Garden,Xem khi lặp Review
https://www.tripadvisor.com/Restaurant_Review-g32867113-d32830521-Reviews-Khoi_Mo-Khe_Tre_Thua_Thien_Hue_Province.html,Khói Mô,Xem khi lặp Review
https://www.tripadvisor.com/Restaurant_Review-g293926-d10777620-Reviews-Viet_Long_Restaurant-Hue_Thua_Thien_Hue_Province.html,Viet Long Restaurant,Xem khi lặp Review
https://www.tripadvisor.com/Restaurant_Review-g293926-d30694128-Reviews-An_Nhi_Vegan_Restaurant-Hue_Thua_Thien_Hue_Province.html,An Nhi Vegan Restaurant,Xem khi lặp Review
https://www.tripadvisor.com/Restaurant_Review-g26770487-d32701737-Reviews-N_m_Special_Local_Food-Phu_Vang_Thua_Thien_Hue_Province.html,Nậm - Special Local Food,Xem khi lặp Review
https://www.tripadvisor.com/Restaurant_Review-g26770487-d34109160-Reviews-Culture_Puluong_Restaurant-Phu_Vang_Thua_Thien_Hue_Province.html,Culture Puluong Restaurant,Xem khi lặp Review
https://www.tripadvisor.com/Restaurant_Review-g3221209-d27691610-Reviews-Lamasa-Phu_Bai_Thua_Thien_Hue_Province.html,Lamasa,Xem khi lặp Review
https://www.tripadvisor.com/Restaurant_Review-g3221209-d32790174-Reviews-Sailing_Restaurant_27_Ly_Thu_ng_Ki_t-Phu_Bai_Thua_Thien_Hue_Province.html,Sailing Restaurant - 27 Lý Thường Kiệt,Xem khi lặp Review
https://www.tripadvisor.com/Restaurant_Review-g11909288-d33308069-Reviews-Water_Court-Cu_Du_Loc_Vinh_Phu_Loc_District_Thua_Thien_Hue_Province.html,Water Court,Xem khi lặp Review
https://www.tripadvisor.com/Restaurant_Review-g293926-d34297424-Reviews-Hit_Ha-Hue_Thua_Thien_Hue_Province.html,Hít Hà,Xem khi lặp Review
https://www.tripadvisor.com/Restaurant_Review-g11923533-d12604082-Reviews-Thu_Quan-Lang_Co_Phu_Loc_District_Thua_Thien_Hue_Province.html,Thu Quan,Xem khi lặp Review
https://www.tripadvisor.com/Restaurant_Review-g11923533-d25340467-Reviews-The_2t_s_Pizza-Lang_Co_Phu_Loc_District_Thua_Thien_Hue_Province.html,The 2t's Pizza,Xem khi lặp Review
https://www.tripadvisor.com/Restaurant_Review-g293926-d32969467-Reviews-Quan_An_An_Tam_Hue_Vietnam-Hue_Thua_Thien_Hue_Province.html,Quán Ăn An Tâm Hue Vietnam,Xem khi lặp Review
https://www.tripadvisor.com/Restaurant_Review-g293926-d13504908-Reviews-Xeco_Coffee_Pub-Hue_Thua_Thien_Hue_Province.html,Xeco Coffee & Pub,Xem khi lặp Review
https://www.tripadvisor.com/Restaurant_Review-g293926-d24091556-Reviews-Minh_Binh-Hue_Thua_Thien_Hue_Province.html,Minh Binh,Xem khi lặp Review
https://www.tripadvisor.com/Restaurant_Review-g293926-d27102943-Reviews-Ca_B_ng_Restaurant-Hue_Thua_Thien_Hue_Province.html,Cá Bống Restaurant,Xem khi lặp Review
